report_number,offense_id,offense_start_datetime,offense_end_datetime,report_datetime,crime_against_category,offense_parent_group,offense,nibrs_group_a_b,precinct,sector,beat,mcpp,100_block_address,longitude,latitude
2018-000001,SEED-000001,2018-01-01T23:17:00Z,,2018-01-02T03:17:00Z,PROPERTY,LARCENY-THEFT,THEFT,A,West,K,K1,DOWNTOWN COMMERCIAL,500 BLOCK DOWNTOWN COMMERCIAL,-122.332149,47.608604
2018-000002,SEED-000002,2018-01-19T13:02:00Z,,2018-01-19T14:02:00Z,PROPERTY,LARCENY-THEFT,THEFT,A,West,K,K1,DOWNTOWN COMMERCIAL,500 BLOCK DOWNTOWN COMMERCIAL,-122.333962,47.608137
2018-000003,SEED-000003,2018-01-18T06:45:00Z,,2018-01-18T17:45:00Z,PROPERTY,LARCENY-THEFT,THEFT,A,West,K,K1,DOWNTOWN COMMERCIAL,400 BLOCK DOWNTOWN COMMERCIAL,-122.333290,47.610325
2018-000004,SEED-000004,2018-01-26T00:48:00Z,,2018-01-26T03:48:00Z,PROPERTY,MOTOR VEHICLE THEFT,VEHICLE THEFT,A,West,M,M3,PIONEER SQUARE,200 BLOCK PIONEER SQUARE,-122.332575,47.601713
2018-000005,SEED-000005,2018-01-25T10:06:00Z,,2018-01-25T12:06:00Z,PROPERTY,BURGLARY/BREAKING & ENTERING,BURGLARY,A,West,M,M3,PIONEER SQUARE,300 BLOCK PIONEER SQUARE,-122.332508,47.600568
2018-000006,SEED-000006,2018-01-09T01:46:00Z,,2018-01-09T09:46:00Z,PERSON,ASSAULT OFFENSES,ASSAULT,A,West,M,M3,PIONEER SQUARE,400 BLOCK PIONEER SQUARE,-122.330297,47.601130
2018-000007,SEED-000007,2018-01-10T20:39:00Z,,2018-01-11T02:39:00Z,PERSON,ASSAULT OFFENSES,ASSAULT,A,North,U,U1,UNIVERSITY DISTRICT,100 BLOCK UNIVERSITY DISTRICT,-122.312264,47.660278
2018-000008,SEED-000008,2018-01-25T09:05:00Z,,2018-01-25T13:05:00Z,PROPERTY,BURGLARY/BREAKING & ENTERING,BURGLARY,A,North,B,B2,FREMONT,400 BLOCK FREMONT,-122.350432,47.652319
2018-000009,SEED-000009,2018-01-27T11:10:00Z,,2018-01-27T17:10:00Z,SOCIETY,DRUG/NARCOTIC OFFENSES,DRUG POSSESSION,B,North,B,B2,FREMONT,100 BLOCK FREMONT,-122.349387,47.650479
2018-000010,SEED-000010,2018-01-21T05:34:00Z,,2018-01-21T17:34:00Z,PERSON,ASSAULT OFFENSES,ASSAULT,A,North,B,B2,FREMONT,300 BLOCK FREMONT,-122.350136,47.650081
2018-000011,SEED-000011,2018-01-18T07:43:00Z,,2018-01-18T13:43:00Z,SOCIETY,DRUG/NARCOTIC OFFENSES,DRUG POSSESSION,B,East,E,E2,CAPITOL HILL,200 BLOCK CAPITOL HILL,-122.320006,47.620234
2018-000012,SEED-000012,2018-01-26T10:25:00Z,,2018-01-26T15:25:00Z,PROPERTY,LARCENY-THEFT,THEFT,A,East,E,E2,CAPITOL HILL,500 BLOCK CAPITOL HILL,-122.319513,47.617438
2018-000013,SEED-000013,2018-01-11T06:41:00Z,,2018-01-11T14:41:00Z,SOCIETY,DRUG/NARCOTIC OFFENSES,DRUG POSSESSION,B,East,E,E2,CAPITOL HILL,400 BLOCK CAPITOL HILL,-122.319508,47.618624
2018-000014,SEED-000014,2018-01-05T07:47:00Z,,2018-01-05T16:47:00Z,PROPERTY,MOTOR VEHICLE THEFT,VEHICLE THEFT,A,North,Q,Q1,BALLARD,400 BLOCK BALLARD,-122.383111,47.668140
2018-000015,SEED-000015,2018-04-12T07:08:00Z,,2018-04-12T16:08:00Z,PROPERTY,DESTRUCTION/DAMAGE/VANDALISM,VANDALISM,A,West,K,K1,DOWNTOWN COMMERCIAL,100 BLOCK DOWNTOWN COMMERCIAL,-122.332079,47.609577
2018-000016,SEED-000016,2018-04-21T05:50:00Z,,2018-04-21T16:50:00Z,PROPERTY,BURGLARY/BREAKING & ENTERING,BURGLARY,A,West,K,K1,DOWNTOWN COMMERCIAL,400 BLOCK DOWNTOWN COMMERCIAL,-122.334571,47.609320
2018-000017,SEED-000017,2018-04-15T16:16:00Z,,2018-04-16T01:16:00Z,PERSON,ASSAULT OFFENSES,ASSAULT,A,West,K,K1,DOWNTOWN COMMERCIAL,100 BLOCK DOWNTOWN COMMERCIAL,-122.334759,47.610899
2018-000018,SEED-000018,2018-04-25T08:49:00Z,,2018-04-25T19:49:00Z,PERSON,ASSAULT OFFENSES,ASSAULT,A,West,M,M3,PIONEER SQUARE,200 BLOCK PIONEER SQUARE,-122.332743,47.600425
2018-000019,SEED-000019,2018-04-01T23:56:00Z,,2018-04-02T11:56:00Z,PROPERTY,DESTRUCTION/DAMAGE/VANDALISM,VANDALISM,A,West,M,M3,PIONEER SQUARE,200 BLOCK PIONEER SQUARE,-122.331998,47.600148
2018-000020,SEED-000020,2018-04-04T20:19:00Z,,2018-04-05T07:19:00Z,PERSON,ASSAULT OFFENSES,ASSAULT,A,West,M,M3,PIONEER SQUARE,300 BLOCK PIONEER SQUARE,-122.333084,47.601028
2018-000021,SEED-000021,2018-04-25T16:58:00Z,,2018-04-25T17:58:00Z,PERSON,ASSAULT OFFENSES,ASSAULT,A,North,U,U1,UNIVERSITY DISTRICT,100 BLOCK UNIVERSITY DISTRICT,-122.313041,47.660356
2018-000022,SEED-000022,2018-04-08T01:15:00Z,,2018-04-08T11:15:00Z,PROPERTY,MOTOR VEHICLE THEFT,VEHICLE THEFT,A,North,B,B2,FREMONT,400 BLOCK FREMONT,-122.351492,47.652609
2018-000023,SEED-000023,2018-04-25T17:49:00Z,,2018-04-25T20:49:00Z,PROPERTY,LARCENY-THEFT,THEFT,A,North,B,B2,FREMONT,500 BLOCK FREMONT,-122.350089,47.649662
2018-000024,SEED-000024,2018-04-17T19:27:00Z,,2018-04-17T23:27:00Z,PROPERTY,MOTOR VEHICLE THEFT,VEHICLE THEFT,A,East,E,E2,CAPITOL HILL,200 BLOCK CAPITOL HILL,-122.320081,47.620544
2018-000025,SEED-000025,2018-04-13T21:41:00Z,,2018-04-14T03:41:00Z,PROPERTY,MOTOR VEHICLE THEFT,VEHICLE THEFT,A,North,Q,Q1,BALLARD,100 BLOCK BALLARD,-122.383937,47.667777
2018-000026,SEED-000026,2018-04-08T02:21:00Z,,2018-04-08T03:21:00Z,PROPERTY,BURGLARY/BREAKING & ENTERING,BURGLARY,A,North,Q,Q1,BALLARD,200 BLOCK BALLARD,-122.384972,47.668318
2018-000027,SEED-000027,2018-04-03T22:40:00Z,,2018-04-03T23:40:00Z,PROPERTY,LARCENY-THEFT,THEFT,A,North,Q,Q1,BALLARD,300 BLOCK BALLARD,-122.382540,47.667024
2018-000028,SEED-000028,2018-07-08T08:42:00Z,,2018-07-08T16:42:00Z,PERSON,ASSAULT OFFENSES,ASSAULT,A,West,K,K1,DOWNTOWN COMMERCIAL,500 BLOCK DOWNTOWN COMMERCIAL,-122.334324,47.608571
2018-000029,SEED-000029,2018-07-08T15:51:00Z,,2018-07-08T22:51:00Z,PROPERTY,DESTRUCTION/DAMAGE/VANDALISM,VANDALISM,A,West,M,M3,PIONEER SQUARE,400 BLOCK PIONEER SQUARE,-122.333451,47.599885
2018-000030,SEED-000030,2018-07-14T13:29:00Z,,2018-07-15T01:29:00Z,PROPERTY,MOTOR VEHICLE THEFT,VEHICLE THEFT,A,West,M,M3,PIONEER SQUARE,100 BLOCK PIONEER SQUARE,-122.331448,47.599395
2018-000031,SEED-000031,2018-07-13T23:21:00Z,,2018-07-14T01:21:00Z,PROPERTY,LARCENY-THEFT,THEFT,A,West,M,M3,PIONEER SQUARE,400 BLOCK PIONEER SQUARE,-122.333115,47.600095
2018-000032,SEED-000032,2018-07-06T08:29:00Z,,2018-07-06T12:29:00Z,PROPERTY,DESTRUCTION/DAMAGE/VANDALISM,VANDALISM,A,North,U,U1,UNIVERSITY DISTRICT,500 BLOCK UNIVERSITY DISTRICT,-122.314529,47.661348
2018-000033,SEED-000033,2018-07-21T17:53:00Z,,2018-07-21T18:53:00Z,PROPERTY,LARCENY-THEFT,THEFT,A,North,B,B2,FREMONT,200 BLOCK FREMONT,-122.348465,47.652688
2018-000034,SEED-000034,2018-07-16T15:13:00Z,,2018-07-16T22:13:00Z,PROPERTY,DESTRUCTION/DAMAGE/VANDALISM,VANDALISM,A,East,E,E2,CAPITOL HILL,100 BLOCK CAPITOL HILL,-122.322207,47.620449
2018-000035,SEED-000035,2018-07-26T14:18:00Z,,2018-07-26T21:18:00Z,PROPERTY,MOTOR VEHICLE THEFT,VEHICLE THEFT,A,North,Q,Q1,BALLARD,500 BLOCK BALLARD,-122.383170,47.668708
2018-000036,SEED-000036,2018-07-23T15:09:00Z,,2018-07-23T19:09:00Z,SOCIETY,DRUG/NARCOTIC OFFENSES,DRUG POSSESSION,B,North,Q,Q1,BALLARD,500 BLOCK BALLARD,-122.382313,47.667268
2018-000037,SEED-000037,2018-10-02T23:20:00Z,,2018-10-03T00:20:00Z,PERSON,ASSAULT OFFENSES,ASSAULT,A,West,K,K1,DOWNTOWN COMMERCIAL,500 BLOCK DOWNTOWN COMMERCIAL,-122.333084,47.607981
2018-000038,SEED-000038,2018-10-02T16:05:00Z,,2018-10-02T19:05:00Z,PROPERTY,BURGLARY/BREAKING & ENTERING,BURGLARY,A,West,K,K1,DOWNTOWN COMMERCIAL,200 BLOCK DOWNTOWN COMMERCIAL,-122.334555,47.608047
2018-000039,SEED-000039,2018-10-04T18:15:00Z,,2018-10-05T04:15:00Z,PROPERTY,DESTRUCTION/DAMAGE/VANDALISM,VANDALISM,A,West,K,K1,DOWNTOWN COMMERCIAL,400 BLOCK DOWNTOWN COMMERCIAL,-122.332570,47.609940
2018-000040,SEED-000040,2018-10-19T16:20:00Z,,2018-10-19T21:20:00Z,PERSON,ASSAULT OFFENSES,ASSAULT,A,West,M,M3,PIONEER SQUARE,200 BLOCK PIONEER SQUARE,-122.331222,47.599935
2018-000041,SEED-000041,2018-10-13T04:42:00Z,,2018-10-13T15:42:00Z,PROPERTY,MOTOR VEHICLE THEFT,VEHICLE THEFT,A,West,M,M3,PIONEER SQUARE,100 BLOCK PIONEER SQUARE,-122.332662,47.600280
2018-000042,SEED-000042,2018-10-15T19:36:00Z,,2018-10-15T21:36:00Z,PROPERTY,LARCENY-THEFT,THEFT,A,West,M,M3,PIONEER SQUARE,300 BLOCK PIONEER SQUARE,-122.333033,47.599464
2018-000043,SEED-000043,2018-10-03T07:23:00Z,,2018-10-03T12:23:00Z,PROPERTY,MOTOR VEHICLE THEFT,VEHICLE THEFT,A,North,U,U1,UNIVERSITY DISTRICT,300 BLOCK UNIVERSITY DISTRICT,-122.311799,47.658768
2018-000044,SEED-000044,2018-10-17T00:42:00Z,,2018-10-17T09:42:00Z,SOCIETY,DRUG/NARCOTIC OFFENSES,DRUG POSSESSION,B,North,B,B2,FREMONT,200 BLOCK FREMONT,-122.349412,47.650278
2018-000045,SEED-000045,2018-10-04T03:47:00Z,,2018-10-04T12:47:00Z,PROPERTY,MOTOR VEHICLE THEFT,VEHICLE THEFT,A,North,B,B2,FREMONT,200 BLOCK FREMONT,-122.350786,47.649760
2018-000046,SEED-000046,2018-10-11T06:43:00Z,,2018-10-11T17:43:00Z,SOCIETY,DRUG/NARCOTIC OFFENSES,DRUG POSSESSION,B,North,B,B2,FREMONT,300 BLOCK FREMONT,-122.349981,47.652270
2018-000047,SEED-000047,2018-10-21T13:53:00Z,,2018-10-21T18:53:00Z,PROPERTY,LARCENY-THEFT,THEFT,A,East,E,E2,CAPITOL HILL,200 BLOCK CAPITOL HILL,-122.321599,47.617359
2018-000048,SEED-000048,2018-10-06T23:28:00Z,,2018-10-07T08:28:00Z,PROPERTY,MOTOR VEHICLE THEFT,VEHICLE THEFT,A,North,Q,Q1,BALLARD,100 BLOCK BALLARD,-122.383781,47.668740
2018-000049,SEED-000049,2018-10-23T04:34:00Z,,2018-10-23T05:34:00Z,PROPERTY,LARCENY-THEFT,THEFT,A,North,Q,Q1,BALLARD,200 BLOCK BALLARD,-122.383703,47.669205
2018-000050,SEED-000050,2018-10-05T01:19:00Z,,2018-10-05T07:19:00Z,PROPERTY,DESTRUCTION/DAMAGE/VANDALISM,VANDALISM,A,North,Q,Q1,BALLARD,100 BLOCK BALLARD,-122.382934,47.669436
2019-000051,SEED-000051,2019-01-22T07:42:00Z,,2019-01-22T09:42:00Z,PROPERTY,BURGLARY/BREAKING & ENTERING,BURGLARY,A,West,K,K1,DOWNTOWN COMMERCIAL,400 BLOCK DOWNTOWN COMMERCIAL,-122.332784,47.609073
2019-000052,SEED-000052,2019-01-24T04:59:00Z,,2019-01-24T08:59:00Z,PERSON,ASSAULT OFFENSES,ASSAULT,A,West,K,K1,DOWNTOWN COMMERCIAL,200 BLOCK DOWNTOWN COMMERCIAL,-122.331286,47.610913
2019-000053,SEED-000053,2019-01-06T23:59:00Z,,2019-01-07T05:59:00Z,PROPERTY,LARCENY-THEFT,THEFT,A,West,M,M3,PIONEER SQUARE,200 BLOCK PIONEER SQUARE,-122.332318,47.602017
2019-000054,SEED-000054,2019-01-06T22:06:00Z,,2019-01-07T05:06:00Z,PROPERTY,MOTOR VEHICLE THEFT,VEHICLE THEFT,A,West,M,M3,PIONEER SQUARE,200 BLOCK PIONEER SQUARE,-122.330709,47.602340
2019-000055,SEED-000055,2019-01-12T09:52:00Z,,2019-01-12T13:52:00Z,PROPERTY,DESTRUCTION/DAMAGE/VANDALISM,VANDALISM,A,North,U,U1,UNIVERSITY DISTRICT,400 BLOCK UNIVERSITY DISTRICT,-122.312424,47.659003
2019-000056,SEED-000056,2019-01-28T02:49:00Z,,2019-01-28T07:49:00Z,PROPERTY,MOTOR VEHICLE THEFT,VEHICLE THEFT,A,North,B,B2,FREMONT,500 BLOCK FREMONT,-122.349966,47.650464
2019-000057,SEED-000057,2019-01-01T03:56:00Z,,2019-01-01T08:56:00Z,PROPERTY,MOTOR VEHICLE THEFT,VEHICLE THEFT,A,North,B,B2,FREMONT,300 BLOCK FREMONT,-122.348335,47.649843
2019-000058,SEED-000058,2019-01-20T13:22:00Z,,2019-01-21T01:22:00Z,PROPERTY,LARCENY-THEFT,THEFT,A,East,E,E2,CAPITOL HILL,500 BLOCK CAPITOL HILL,-122.321229,47.620031
2019-000059,SEED-000059,2019-01-19T06:16:00Z,,2019-01-19T07:16:00Z,PROPERTY,DESTRUCTION/DAMAGE/VANDALISM,VANDALISM,A,North,Q,Q1,BALLARD,500 BLOCK BALLARD,-122.385794,47.668752
2019-000060,SEED-000060,2019-04-24T23:42:00Z,,2019-04-25T03:42:00Z,SOCIETY,DRUG/NARCOTIC OFFENSES,DRUG POSSESSION,B,West,K,K1,DOWNTOWN COMMERCIAL,300 BLOCK DOWNTOWN COMMERCIAL,-122.334548,47.609111
2019-000061,SEED-000061,2019-04-11T21:54:00Z,,2019-04-11T23:54:00Z,PERSON,ASSAULT OFFENSES,ASSAULT,A,West,K,K1,DOWNTOWN COMMERCIAL,300 BLOCK DOWNTOWN COMMERCIAL,-122.333719,47.610391
2019-000062,SEED-000062,2019-04-14T10:25:00Z,,2019-04-14T22:25:00Z,SOCIETY,DRUG/NARCOTIC OFFENSES,DRUG POSSESSION,B,West,K,K1,DOWNTOWN COMMERCIAL,400 BLOCK DOWNTOWN COMMERCIAL,-122.334342,47.608864
2019-000063,SEED-000063,2019-04-22T23:57:00Z,,2019-04-23T02:57:00Z,PROPERTY,DESTRUCTION/DAMAGE/VANDALISM,VANDALISM,A,West,M,M3,PIONEER SQUARE,500 BLOCK PIONEER SQUARE,-122.332717,47.601416
2019-000064,SEED-000064,2019-04-10T09:13:00Z,,2019-04-10T16:13:00Z,PROPERTY,LARCENY-THEFT,THEFT,A,West,M,M3,PIONEER SQUARE,300 BLOCK PIONEER SQUARE,-122.331616,47.602029
2019-000065,SEED-000065,2019-04-15T14:43:00Z,,2019-04-15T18:43:00Z,PROPERTY,DESTRUCTION/DAMAGE/VANDALISM,VANDALISM,A,West,M,M3,PIONEER SQUARE,200 BLOCK PIONEER SQUARE,-122.330943,47.601040
2019-000066,SEED-000066,2019-04-10T16:42:00Z,,2019-04-11T03:42:00Z,PROPERTY,LARCENY-THEFT,THEFT,A,North,U,U1,UNIVERSITY DISTRICT,200 BLOCK UNIVERSITY DISTRICT,-122.314464,47.660429
2019-000067,SEED-000067,2019-04-10T07:51:00Z,,2019-04-10T11:51:00Z,SOCIETY,DRUG/NARCOTIC OFFENSES,DRUG POSSESSION,B,North,U,U1,UNIVERSITY DISTRICT,400 BLOCK UNIVERSITY DISTRICT,-122.314634,47.658730
2019-000068,SEED-000068,2019-04-28T02:29:00Z,,2019-04-28T09:29:00Z,PERSON,ASSAULT OFFENSES,ASSAULT,A,North,U,U1,UNIVERSITY DISTRICT,400 BLOCK UNIVERSITY DISTRICT,-122.312728,47.661390
2019-000069,SEED-000069,2019-04-08T04:41:00Z,,2019-04-08T16:41:00Z,PROPERTY,DESTRUCTION/DAMAGE/VANDALISM,VANDALISM,A,North,B,B2,FREMONT,100 BLOCK FREMONT,-122.349097,47.649220
2019-000070,SEED-000070,2019-04-08T05:51:00Z,,2019-04-08T17:51:00Z,PROPERTY,DESTRUCTION/DAMAGE/VANDALISM,VANDALISM,A,North,B,B2,FREMONT,200 BLOCK FREMONT,-122.351619,47.651065
2019-000071,SEED-000071,2019-04-05T14:42:00Z,,2019-04-05T23:42:00Z,PROPERTY,DESTRUCTION/DAMAGE/VANDALISM,VANDALISM,A,East,E,E2,CAPITOL HILL,400 BLOCK CAPITOL HILL,-122.320656,47.620756
2019-000072,SEED-000072,2019-04-17T13:53:00Z,,2019-04-17T22:53:00Z,SOCIETY,DRUG/NARCOTIC OFFENSES,DRUG POSSESSION,B,North,Q,Q1,BALLARD,400 BLOCK BALLARD,-122.385227,47.667805
2019-000073,SEED-000073,2019-04-09T07:53:00Z,,2019-04-09T18:53:00Z,PROPERTY,DESTRUCTION/DAMAGE/VANDALISM,VANDALISM,A,North,Q,Q1,BALLARD,400 BLOCK BALLARD,-122.383000,47.667198
2019-000074,SEED-000074,2019-04-08T08:28:00Z,,2019-04-08T10:28:00Z,SOCIETY,DRUG/NARCOTIC OFFENSES,DRUG POSSESSION,B,North,Q,Q1,BALLARD,300 BLOCK BALLARD,-122.384956,47.668769
2019-000075,SEED-000075,2019-07-03T04:09:00Z,,2019-07-03T08:09:00Z,PERSON,ASSAULT OFFENSES,ASSAULT,A,West,K,K1,DOWNTOWN COMMERCIAL,200 BLOCK DOWNTOWN COMMERCIAL,-122.334250,47.609179
2019-000076,SEED-000076,2019-07-14T13:21:00Z,,2019-07-14T22:21:00Z,PROPERTY,LARCENY-THEFT,THEFT,A,West,K,K1,DOWNTOWN COMMERCIAL,400 BLOCK DOWNTOWN COMMERCIAL,-122.334576,47.609477
2019-000077,SEED-000077,2019-07-23T00:54:00Z,,2019-07-23T10:54:00Z,PERSON,ASSAULT OFFENSES,ASSAULT,A,West,M,M3,PIONEER SQUARE,300 BLOCK PIONEER SQUARE,-122.333779,47.600569
2019-000078,SEED-000078,2019-07-25T12:54:00Z,,2019-07-25T19:54:00Z,PROPERTY,MOTOR VEHICLE THEFT,VEHICLE THEFT,A,West,M,M3,PIONEER SQUARE,500 BLOCK PIONEER SQUARE,-122.331155,47.601138
2019-000079,SEED-000079,2019-07-08T08:27:00Z,,2019-07-08T16:27:00Z,PROPERTY,DESTRUCTION/DAMAGE/VANDALISM,VANDALISM,A,North,U,U1,UNIVERSITY DISTRICT,400 BLOCK UNIVERSITY DISTRICT,-122.313590,47.658304
2019-000080,SEED-000080,2019-07-27T14:58:00Z,,2019-07-27T17:58:00Z,PROPERTY,BURGLARY/BREAKING & ENTERING,BURGLARY,A,North,B,B2,FREMONT,400 BLOCK FREMONT,-122.349877,47.652731
2019-000081,SEED-000081,2019-07-19T21:01:00Z,,2019-07-19T23:01:00Z,PERSON,ASSAULT OFFENSES,ASSAULT,A,North,B,B2,FREMONT,400 BLOCK FREMONT,-122.351311,47.651514
2019-000082,SEED-000082,2019-07-02T08:24:00Z,,2019-07-02T14:24:00Z,PROPERTY,BURGLARY/BREAKING & ENTERING,BURGLARY,A,North,B,B2,FREMONT,400 BLOCK FREMONT,-122.350623,47.649962
2019-000083,SEED-000083,2019-07-09T02:30:00Z,,2019-07-09T03:30:00Z,PROPERTY,DESTRUCTION/DAMAGE/VANDALISM,VANDALISM,A,East,E,E2,CAPITOL HILL,300 BLOCK CAPITOL HILL,-122.322612,47.619896
2019-000084,SEED-000084,2019-07-21T02:49:00Z,,2019-07-21T13:49:00Z,PROPERTY,BURGLARY/BREAKING & ENTERING,BURGLARY,A,East,E,E2,CAPITOL HILL,200 BLOCK CAPITOL HILL,-122.322688,47.617345
2019-000085,SEED-000085,2019-07-20T04:15:00Z,,2019-07-20T07:15:00Z,PROPERTY,LARCENY-THEFT,THEFT,A,North,Q,Q1,BALLARD,200 BLOCK BALLARD,-122.385388,47.667905
2019-000086,SEED-000086,2019-10-09T11:10:00Z,,2019-10-09T21:10:00Z,SOCIETY,DRUG/NARCOTIC OFFENSES,DRUG POSSESSION,B,West,K,K1,DOWNTOWN COMMERCIAL,100 BLOCK DOWNTOWN COMMERCIAL,-122.332107,47.609986
2019-000087,SEED-000087,2019-10-10T03:37:00Z,,2019-10-10T04:37:00Z,PROPERTY,BURGLARY/BREAKING & ENTERING,BURGLARY,A,West,K,K1,DOWNTOWN COMMERCIAL,400 BLOCK DOWNTOWN COMMERCIAL,-122.332727,47.611144
2019-000088,SEED-000088,2019-10-07T02:37:00Z,,2019-10-07T14:37:00Z,SOCIETY,DRUG/NARCOTIC OFFENSES,DRUG POSSESSION,B,West,M,M3,PIONEER SQUARE,300 BLOCK PIONEER SQUARE,-122.332926,47.602190
2019-000089,SEED-000089,2019-10-20T03:50:00Z,,2019-10-20T13:50:00Z,SOCIETY,DRUG/NARCOTIC OFFENSES,DRUG POSSESSION,B,West,M,M3,PIONEER SQUARE,400 BLOCK PIONEER SQUARE,-122.332550,47.602017
2019-000090,SEED-000090,2019-10-03T16:41:00Z,,2019-10-03T22:41:00Z,PROPERTY,MOTOR VEHICLE THEFT,VEHICLE THEFT,A,North,U,U1,UNIVERSITY DISTRICT,400 BLOCK UNIVERSITY DISTRICT,-122.313288,47.658246
2019-000091,SEED-000091,2019-10-14T11:40:00Z,,2019-10-14T19:40:00Z,PROPERTY,LARCENY-THEFT,THEFT,A,North,U,U1,UNIVERSITY DISTRICT,500 BLOCK UNIVERSITY DISTRICT,-122.313232,47.660746
2019-000092,SEED-000092,2019-10-09T19:51:00Z,,2019-10-10T04:51:00Z,SOCIETY,DRUG/NARCOTIC OFFENSES,DRUG POSSESSION,B,North,U,U1,UNIVERSITY DISTRICT,500 BLOCK UNIVERSITY DISTRICT,-122.313126,47.660989
2019-000093,SEED-000093,2019-10-28T07:53:00Z,,2019-10-28T09:53:00Z,PROPERTY,MOTOR VEHICLE THEFT,VEHICLE THEFT,A,North,B,B2,FREMONT,400 BLOCK FREMONT,-122.350177,47.650204
2019-000094,SEED-000094,2019-10-20T21:24:00Z,,2019-10-21T03:24:00Z,PERSON,ASSAULT OFFENSES,ASSAULT,A,North,B,B2,FREMONT,200 BLOCK FREMONT,-122.348737,47.649303
2019-000095,SEED-000095,2019-10-12T08:21:00Z,,2019-10-12T13:21:00Z,PROPERTY,BURGLARY/BREAKING & ENTERING,BURGLARY,A,East,E,E2,CAPITOL HILL,300 BLOCK CAPITOL HILL,-122.320276,47.620369
2019-000096,SEED-000096,2019-10-01T16:12:00Z,,2019-10-01T18:12:00Z,PERSON,ASSAULT OFFENSES,ASSAULT,A,East,E,E2,CAPITOL HILL,500 BLOCK CAPITOL HILL,-122.321337,47.618069
2019-000097,SEED-000097,2019-10-16T20:45:00Z,,2019-10-17T04:45:00Z,SOCIETY,DRUG/NARCOTIC OFFENSES,DRUG POSSESSION,B,North,Q,Q1,BALLARD,300 BLOCK BALLARD,-122.385738,47.667813
2020-000098,SEED-000098,2020-01-23T07:19:00Z,,2020-01-23T18:19:00Z,PROPERTY,DESTRUCTION/DAMAGE/VANDALISM,VANDALISM,A,West,K,K1,DOWNTOWN COMMERCIAL,500 BLOCK DOWNTOWN COMMERCIAL,-122.333096,47.609894
2020-000099,SEED-000099,2020-01-24T17:21:00Z,,2020-01-24T23:21:00Z,PROPERTY,DESTRUCTION/DAMAGE/VANDALISM,VANDALISM,A,West,M,M3,PIONEER SQUARE,300 BLOCK PIONEER SQUARE,-122.332825,47.601730
2020-000100,SEED-000100,2020-01-04T23:12:00Z,,2020-01-05T05:12:00Z,PROPERTY,BURGLARY/BREAKING & ENTERING,BURGLARY,A,West,M,M3,PIONEER SQUARE,200 BLOCK PIONEER SQUARE,-122.331871,47.599630
2020-000101,SEED-000101,2020-01-24T15:17:00Z,,2020-01-25T03:17:00Z,PROPERTY,BURGLARY/BREAKING & ENTERING,BURGLARY,A,North,U,U1,UNIVERSITY DISTRICT,500 BLOCK UNIVERSITY DISTRICT,-122.312063,47.660323
2020-000102,SEED-000102,2020-01-27T06:18:00Z,,2020-01-27T10:18:00Z,PROPERTY,LARCENY-THEFT,THEFT,A,North,B,B2,FREMONT,500 BLOCK FREMONT,-122.350712,47.650499
2020-000103,SEED-000103,2020-01-09T01:03:00Z,,2020-01-09T10:03:00Z,PROPERTY,BURGLARY/BREAKING & ENTERING,BURGLARY,A,North,B,B2,FREMONT,400 BLOCK FREMONT,-122.348401,47.650252
2020-000104,SEED-000104,2020-01-19T09:30:00Z,,2020-01-19T17:30:00Z,PROPERTY,LARCENY-THEFT,THEFT,A,East,E,E2,CAPITOL HILL,100 BLOCK CAPITOL HILL,-122.322136,47.618786
2020-000105,SEED-000105,2020-01-04T02:25:00Z,,2020-01-04T10:25:00Z,PROPERTY,DESTRUCTION/DAMAGE/VANDALISM,VANDALISM,A,North,Q,Q1,BALLARD,100 BLOCK BALLARD,-122.383534,47.666467
2020-000106,SEED-000106,2020-01-05T18:19:00Z,,2020-01-05T20:19:00Z,PROPERTY,BURGLARY/BREAKING & ENTERING,BURGLARY,A,North,Q,Q1,BALLARD,400 BLOCK BALLARD,-122.385374,47.669778
2020-000107,SEED-000107,2020-04-26T19:14:00Z,,2020-04-27T04:14:00Z,PERSON,ASSAULT OFFENSES,ASSAULT,A,West,K,K1,DOWNTOWN COMMERCIAL,300 BLOCK DOWNTOWN COMMERCIAL,-122.331529,47.609169
2020-000108,SEED-000108,2020-04-14T09:36:00Z,,2020-04-14T19:36:00Z,PERSON,ASSAULT OFFENSES,ASSAULT,A,West,K,K1,DOWNTOWN COMMERCIAL,100 BLOCK DOWNTOWN COMMERCIAL,-122.331344,47.608017
2020-000109,SEED-000109,2020-04-21T06:16:00Z,,2020-04-21T17:16:00Z,PROPERTY,BURGLARY/BREAKING & ENTERING,BURGLARY,A,West,K,K1,DOWNTOWN COMMERCIAL,500 BLOCK DOWNTOWN COMMERCIAL,-122.333936,47.608092
2020-000110,SEED-000110,2020-04-01T13:28:00Z,,2020-04-02T01:28:00Z,PROPERTY,BURGLARY/BREAKING & ENTERING,BURGLARY,A,West,M,M3,PIONEER SQUARE,200 BLOCK PIONEER SQUARE,-122.332751,47.601338
2020-000111,SEED-000111,2020-04-10T22:55:00Z,,2020-04-11T06:55:00Z,SOCIETY,DRUG/NARCOTIC OFFENSES,DRUG POSSESSION,B,North,U,U1,UNIVERSITY DISTRICT,300 BLOCK UNIVERSITY DISTRICT,-122.313960,47.658456
2020-000112,SEED-000112,2020-04-19T21:51:00Z,,2020-04-20T01:51:00Z,SOCIETY,DRUG/NARCOTIC OFFENSES,DRUG POSSESSION,B,North,U,U1,UNIVERSITY DISTRICT,200 BLOCK UNIVERSITY DISTRICT,-122.312840,47.659731
2020-000113,SEED-000113,2020-04-03T01:10:00Z,,2020-04-03T06:10:00Z,PROPERTY,BURGLARY/BREAKING & ENTERING,BURGLARY,A,North,B,B2,FREMONT,300 BLOCK FREMONT,-122.348833,47.651342
2020-000114,SEED-000114,2020-04-04T14:44:00Z,,2020-04-04T19:44:00Z,PROPERTY,DESTRUCTION/DAMAGE/VANDALISM,VANDALISM,A,North,B,B2,FREMONT,500 BLOCK FREMONT,-122.348406,47.651719
2020-000115,SEED-000115,2020-04-15T02:38:00Z,,2020-04-15T03:38:00Z,PROPERTY,DESTRUCTION/DAMAGE/VANDALISM,VANDALISM,A,East,E,E2,CAPITOL HILL,500 BLOCK CAPITOL HILL,-122.320156,47.620402
2020-000116,SEED-000116,2020-04-01T02:14:00Z,,2020-04-01T13:14:00Z,PROPERTY,MOTOR VEHICLE THEFT,VEHICLE THEFT,A,East,E,E2,CAPITOL HILL,100 BLOCK CAPITOL HILL,-122.320729,47.620209
2020-000117,SEED-000117,2020-04-27T08:36:00Z,,2020-04-27T09:36:00Z,SOCIETY,DRUG/NARCOTIC OFFENSES,DRUG POSSESSION,B,East,E,E2,CAPITOL HILL,500 BLOCK CAPITOL HILL,-122.322169,47.619947
2020-000118,SEED-000118,2020-04-09T05:37:00Z,,2020-04-09T12:37:00Z,PROPERTY,DESTRUCTION/DAMAGE/VANDALISM,VANDALISM,A,North,Q,Q1,BALLARD,100 BLOCK BALLARD,-122.384030,47.668485
2020-000119,SEED-000119,2020-04-12T13:21:00Z,,2020-04-12T19:21:00Z,PROPERTY,DESTRUCTION/DAMAGE/VANDALISM,VANDALISM,A,North,Q,Q1,BALLARD,300 BLOCK BALLARD,-122.382712,47.668612
2020-000120,SEED-000120,2020-04-23T15:18:00Z,,2020-04-24T02:18:00Z,PROPERTY,DESTRUCTION/DAMAGE/VANDALISM,VANDALISM,A,North,Q,Q1,BALLARD,500 BLOCK BALLARD,-122.382871,47.669603
2020-000121,SEED-000121,2020-07-03T10:16:00Z,,2020-07-03T16:16:00Z,PROPERTY,DESTRUCTION/DAMAGE/VANDALISM,VANDALISM,A,West,K,K1,DOWNTOWN COMMERCIAL,500 BLOCK DOWNTOWN COMMERCIAL,-122.332019,47.608217
2020-000122,SEED-000122,2020-07-28T17:29:00Z,,2020-07-29T00:29:00Z,SOCIETY,DRUG/NARCOTIC OFFENSES,DRUG POSSESSION,B,West,M,M3,PIONEER SQUARE,500 BLOCK PIONEER SQUARE,-122.331934,47.599395
2020-000123,SEED-000123,2020-07-15T01:13:00Z,,2020-07-15T06:13:00Z,SOCIETY,DRUG/NARCOTIC OFFENSES,DRUG POSSESSION,B,North,U,U1,UNIVERSITY DISTRICT,400 BLOCK UNIVERSITY DISTRICT,-122.311460,47.660177
2020-000124,SEED-000124,2020-07-16T03:01:00Z,,2020-07-16T14:01:00Z,SOCIETY,DRUG/NARCOTIC OFFENSES,DRUG POSSESSION,B,North,U,U1,UNIVERSITY DISTRICT,200 BLOCK UNIVERSITY DISTRICT,-122.313939,47.660392
2020-000125,SEED-000125,2020-07-01T17:26:00Z,,2020-07-01T19:26:00Z,PERSON,ASSAULT OFFENSES,ASSAULT,A,North,B,B2,FREMONT,100 BLOCK FREMONT,-122.348771,47.650009
2020-000126,SEED-000126,2020-07-04T20:53:00Z,,2020-07-04T23:53:00Z,PROPERTY,DESTRUCTION/DAMAGE/VANDALISM,VANDALISM,A,North,B,B2,FREMONT,500 BLOCK FREMONT,-122.349220,47.650994
2020-000127,SEED-000127,2020-07-14T15:30:00Z,,2020-07-14T19:30:00Z,PROPERTY,MOTOR VEHICLE THEFT,VEHICLE THEFT,A,East,E,E2,CAPITOL HILL,200 BLOCK CAPITOL HILL,-122.322279,47.618844
2020-000128,SEED-000128,2020-07-17T23:56:00Z,,2020-07-18T02:56:00Z,PERSON,ASSAULT OFFENSES,ASSAULT,A,East,E,E2,CAPITOL HILL,400 BLOCK CAPITOL HILL,-122.321806,47.620310
2020-000129,SEED-000129,2020-07-26T16:17:00Z,,2020-07-26T17:17:00Z,PROPERTY,MOTOR VEHICLE THEFT,VEHICLE THEFT,A,East,E,E2,CAPITOL HILL,500 BLOCK CAPITOL HILL,-122.321725,47.618218
2020-000130,SEED-000130,2020-07-16T04:28:00Z,,2020-07-16T13:28:00Z,SOCIETY,DRUG/NARCOTIC OFFENSES,DRUG POSSESSION,B,North,Q,Q1,BALLARD,500 BLOCK BALLARD,-122.384603,47.667944
2020-000131,SEED-000131,2020-07-15T10:55:00Z,,2020-07-15T14:55:00Z,PROPERTY,DESTRUCTION/DAMAGE/VANDALISM,VANDALISM,A,North,Q,Q1,BALLARD,400 BLOCK BALLARD,-122.384940,47.669731
2020-000132,SEED-000132,2020-07-28T13:02:00Z,,2020-07-28T19:02:00Z,PROPERTY,BURGLARY/BREAKING & ENTERING,BURGLARY,A,North,Q,Q1,BALLARD,400 BLOCK BALLARD,-122.383261,47.668881
2020-000133,SEED-000133,2020-10-26T20:09:00Z,,2020-10-27T04:09:00Z,SOCIETY,DRUG/NARCOTIC OFFENSES,DRUG POSSESSION,B,West,K,K1,DOWNTOWN COMMERCIAL,500 BLOCK DOWNTOWN COMMERCIAL,-122.334346,47.611273
2020-000134,SEED-000134,2020-10-28T03:55:00Z,,2020-10-28T11:55:00Z,PROPERTY,MOTOR VEHICLE THEFT,VEHICLE THEFT,A,West,K,K1,DOWNTOWN COMMERCIAL,100 BLOCK DOWNTOWN COMMERCIAL,-122.331522,47.608159
2020-000135,SEED-000135,2020-10-14T20:09:00Z,,2020-10-14T22:09:00Z,PROPERTY,BURGLARY/BREAKING & ENTERING,BURGLARY,A,West,M,M3,PIONEER SQUARE,300 BLOCK PIONEER SQUARE,-122.330311,47.600890
2020-000136,SEED-000136,2020-10-23T12:41:00Z,,2020-10-23T14:41:00Z,PERSON,ASSAULT OFFENSES,ASSAULT,A,West,M,M3,PIONEER SQUARE,500 BLOCK PIONEER SQUARE,-122.330732,47.602266
2020-000137,SEED-000137,2020-10-11T20:45:00Z,,2020-10-12T04:45:00Z,PROPERTY,DESTRUCTION/DAMAGE/VANDALISM,VANDALISM,A,West,M,M3,PIONEER SQUARE,100 BLOCK PIONEER SQUARE,-122.333671,47.602341
2020-000138,SEED-000138,2020-10-22T09:14:00Z,,2020-10-22T21:14:00Z,SOCIETY,DRUG/NARCOTIC OFFENSES,DRUG POSSESSION,B,North,U,U1,UNIVERSITY DISTRICT,100 BLOCK UNIVERSITY DISTRICT,-122.311278,47.658525
2020-000139,SEED-000139,2020-10-23T09:57:00Z,,2020-10-23T10:57:00Z,PROPERTY,BURGLARY/BREAKING & ENTERING,BURGLARY,A,North,B,B2,FREMONT,300 BLOCK FREMONT,-122.348934,47.649366
2020-000140,SEED-000140,2020-10-12T13:09:00Z,,2020-10-12T17:09:00Z,PROPERTY,MOTOR VEHICLE THEFT,VEHICLE THEFT,A,North,B,B2,FREMONT,200 BLOCK FREMONT,-122.349763,47.651112
2020-000141,SEED-000141,2020-10-03T19:55:00Z,,2020-10-04T02:55:00Z,PROPERTY,BURGLARY/BREAKING & ENTERING,BURGLARY,A,East,E,E2,CAPITOL HILL,500 BLOCK CAPITOL HILL,-122.321933,47.619431
2020-000142,SEED-000142,2020-10-15T20:16:00Z,,2020-10-16T04:16:00Z,PROPERTY,BURGLARY/BREAKING & ENTERING,BURGLARY,A,North,Q,Q1,BALLARD,400 BLOCK BALLARD,-122.385766,47.667119
2021-000143,SEED-000143,2021-01-18T05:04:00Z,,2021-01-18T13:04:00Z,SOCIETY,DRUG/NARCOTIC OFFENSES,DRUG POSSESSION,B,West,K,K1,DOWNTOWN COMMERCIAL,300 BLOCK DOWNTOWN COMMERCIAL,-122.331244,47.611203
2021-000144,SEED-000144,2021-01-14T22:16:00Z,,2021-01-15T06:16:00Z,SOCIETY,DRUG/NARCOTIC OFFENSES,DRUG POSSESSION,B,West,K,K1,DOWNTOWN COMMERCIAL,400 BLOCK DOWNTOWN COMMERCIAL,-122.334083,47.610843
2021-000145,SEED-000145,2021-01-08T12:36:00Z,,2021-01-08T18:36:00Z,PROPERTY,LARCENY-THEFT,THEFT,A,West,M,M3,PIONEER SQUARE,300 BLOCK PIONEER SQUARE,-122.330226,47.601269
2021-000146,SEED-000146,2021-01-27T21:25:00Z,,2021-01-28T02:25:00Z,PROPERTY,LARCENY-THEFT,THEFT,A,West,M,M3,PIONEER SQUARE,100 BLOCK PIONEER SQUARE,-122.330686,47.599229
2021-000147,SEED-000147,2021-01-16T09:49:00Z,,2021-01-16T13:49:00Z,SOCIETY,DRUG/NARCOTIC OFFENSES,DRUG POSSESSION,B,North,U,U1,UNIVERSITY DISTRICT,200 BLOCK UNIVERSITY DISTRICT,-122.313532,47.660385
2021-000148,SEED-000148,2021-01-09T21:48:00Z,,2021-01-10T09:48:00Z,PERSON,ASSAULT OFFENSES,ASSAULT,A,North,U,U1,UNIVERSITY DISTRICT,200 BLOCK UNIVERSITY DISTRICT,-122.312349,47.660963
2021-000149,SEED-000149,2021-01-04T20:41:00Z,,2021-01-04T21:41:00Z,SOCIETY,DRUG/NARCOTIC OFFENSES,DRUG POSSESSION,B,North,U,U1,UNIVERSITY DISTRICT,500 BLOCK UNIVERSITY DISTRICT,-122.313213,47.659312
2021-000150,SEED-000150,2021-01-05T02:58:00Z,,2021-01-05T07:58:00Z,SOCIETY,DRUG/NARCOTIC OFFENSES,DRUG POSSESSION,B,North,B,B2,FREMONT,200 BLOCK FREMONT,-122.350304,47.650376
2021-000151,SEED-000151,2021-01-26T17:56:00Z,,2021-01-26T23:56:00Z,PROPERTY,BURGLARY/BREAKING & ENTERING,BURGLARY,A,North,B,B2,FREMONT,200 BLOCK FREMONT,-122.348511,47.651111
2021-000152,SEED-000152,2021-01-26T09:47:00Z,,2021-01-26T15:47:00Z,PROPERTY,DESTRUCTION/DAMAGE/VANDALISM,VANDALISM,A,East,E,E2,CAPITOL HILL,100 BLOCK CAPITOL HILL,-122.321114,47.620095
2021-000153,SEED-000153,2021-01-25T07:55:00Z,,2021-01-25T18:55:00Z,PROPERTY,BURGLARY/BREAKING & ENTERING,BURGLARY,A,East,E,E2,CAPITOL HILL,500 BLOCK CAPITOL HILL,-122.319272,47.619807
2021-000154,SEED-000154,2021-01-26T12:00:00Z,,2021-01-26T17:00:00Z,PROPERTY,LARCENY-THEFT,THEFT,A,North,Q,Q1,BALLARD,300 BLOCK BALLARD,-122.384163,47.668132
2021-000155,SEED-000155,2021-01-13T20:23:00Z,,2021-01-13T22:23:00Z,PERSON,ASSAULT OFFENSES,ASSAULT,A,North,Q,Q1,BALLARD,500 BLOCK BALLARD,-122.384103,47.668629
2021-000156,SEED-000156,2021-04-20T07:41:00Z,,2021-04-20T09:41:00Z,PROPERTY,MOTOR VEHICLE THEFT,VEHICLE THEFT,A,West,K,K1,DOWNTOWN COMMERCIAL,300 BLOCK DOWNTOWN COMMERCIAL,-122.333129,47.610087
2021-000157,SEED-000157,2021-04-14T03:08:00Z,,2021-04-14T04:08:00Z,SOCIETY,DRUG/NARCOTIC OFFENSES,DRUG POSSESSION,B,West,K,K1,DOWNTOWN COMMERCIAL,400 BLOCK DOWNTOWN COMMERCIAL,-122.333704,47.611207
2021-000158,SEED-000158,2021-04-04T07:56:00Z,,2021-04-04T16:56:00Z,PROPERTY,LARCENY-THEFT,THEFT,A,West,K,K1,DOWNTOWN COMMERCIAL,500 BLOCK DOWNTOWN COMMERCIAL,-122.333167,47.608288
2021-000159,SEED-000159,2021-04-24T23:09:00Z,,2021-04-25T06:09:00Z,PERSON,ASSAULT OFFENSES,ASSAULT,A,West,M,M3,PIONEER SQUARE,500 BLOCK PIONEER SQUARE,-122.330799,47.601558
2021-000160,SEED-000160,2021-04-09T01:44:00Z,,2021-04-09T07:44:00Z,PROPERTY,DESTRUCTION/DAMAGE/VANDALISM,VANDALISM,A,West,M,M3,PIONEER SQUARE,200 BLOCK PIONEER SQUARE,-122.332199,47.599982
2021-000161,SEED-000161,2021-04-22T11:34:00Z,,2021-04-22T22:34:00Z,PROPERTY,LARCENY-THEFT,THEFT,A,North,U,U1,UNIVERSITY DISTRICT,200 BLOCK UNIVERSITY DISTRICT,-122.313367,47.659491
2021-000162,SEED-000162,2021-04-28T14:05:00Z,,2021-04-29T01:05:00Z,PROPERTY,LARCENY-THEFT,THEFT,A,North,U,U1,UNIVERSITY DISTRICT,100 BLOCK UNIVERSITY DISTRICT,-122.312498,47.658964
2021-000163,SEED-000163,2021-04-08T04:50:00Z,,2021-04-08T14:50:00Z,PROPERTY,MOTOR VEHICLE THEFT,VEHICLE THEFT,A,North,B,B2,FREMONT,500 BLOCK FREMONT,-122.348813,47.649939
2021-000164,SEED-000164,2021-04-07T07:21:00Z,,2021-04-07T10:21:00Z,PERSON,ASSAULT OFFENSES,ASSAULT,A,East,E,E2,CAPITOL HILL,300 BLOCK CAPITOL HILL,-122.320654,47.620039
2021-000165,SEED-000165,2021-04-18T08:51:00Z,,2021-04-18T11:51:00Z,PROPERTY,BURGLARY/BREAKING & ENTERING,BURGLARY,A,North,Q,Q1,BALLARD,200 BLOCK BALLARD,-122.382681,47.666596
2021-000166,SEED-000166,2021-07-26T07:37:00Z,,2021-07-26T13:37:00Z,PROPERTY,MOTOR VEHICLE THEFT,VEHICLE THEFT,A,West,K,K1,DOWNTOWN COMMERCIAL,200 BLOCK DOWNTOWN COMMERCIAL,-122.333845,47.607857
2021-000167,SEED-000167,2021-07-17T03:47:00Z,,2021-07-17T05:47:00Z,PROPERTY,DESTRUCTION/DAMAGE/VANDALISM,VANDALISM,A,West,M,M3,PIONEER SQUARE,500 BLOCK PIONEER SQUARE,-122.330999,47.600914
2021-000168,SEED-000168,2021-07-04T14:32:00Z,,2021-07-04T18:32:00Z,PERSON,ASSAULT OFFENSES,ASSAULT,A,West,M,M3,PIONEER SQUARE,500 BLOCK PIONEER SQUARE,-122.333644,47.602603
2021-000169,SEED-000169,2021-07-15T20:01:00Z,,2021-07-15T21:01:00Z,PROPERTY,MOTOR VEHICLE THEFT,VEHICLE THEFT,A,West,M,M3,PIONEER SQUARE,400 BLOCK PIONEER SQUARE,-122.330750,47.602795
2021-000170,SEED-000170,2021-07-16T22:58:00Z,,2021-07-17T06:58:00Z,PROPERTY,LARCENY-THEFT,THEFT,A,North,U,U1,UNIVERSITY DISTRICT,500 BLOCK UNIVERSITY DISTRICT,-122.314509,47.658465
2021-000171,SEED-000171,2021-07-03T04:17:00Z,,2021-07-03T14:17:00Z,PROPERTY,BURGLARY/BREAKING & ENTERING,BURGLARY,A,North,U,U1,UNIVERSITY DISTRICT,300 BLOCK UNIVERSITY DISTRICT,-122.312826,47.660479
2021-000172,SEED-000172,2021-07-20T16:18:00Z,,2021-07-21T00:18:00Z,PROPERTY,DESTRUCTION/DAMAGE/VANDALISM,VANDALISM,A,North,U,U1,UNIVERSITY DISTRICT,100 BLOCK UNIVERSITY DISTRICT,-122.313251,47.660020
2021-000173,SEED-000173,2021-07-25T17:46:00Z,,2021-07-25T21:46:00Z,SOCIETY,DRUG/NARCOTIC OFFENSES,DRUG POSSESSION,B,North,B,B2,FREMONT,400 BLOCK FREMONT,-122.348603,47.650748
2021-000174,SEED-000174,2021-07-27T14:25:00Z,,2021-07-27T21:25:00Z,PROPERTY,MOTOR VEHICLE THEFT,VEHICLE THEFT,A,North,B,B2,FREMONT,300 BLOCK FREMONT,-122.350675,47.651827
2021-000175,SEED-000175,2021-07-09T11:09:00Z,,2021-07-09T22:09:00Z,SOCIETY,DRUG/NARCOTIC OFFENSES,DRUG POSSESSION,B,North,B,B2,FREMONT,100 BLOCK FREMONT,-122.351558,47.652523
2021-000176,SEED-000176,2021-07-04T23:47:00Z,,2021-07-05T05:47:00Z,PROPERTY,DESTRUCTION/DAMAGE/VANDALISM,VANDALISM,A,East,E,E2,CAPITOL HILL,500 BLOCK CAPITOL HILL,-122.320797,47.620122
2021-000177,SEED-000177,2021-07-11T21:07:00Z,,2021-07-12T04:07:00Z,PERSON,ASSAULT OFFENSES,ASSAULT,A,North,Q,Q1,BALLARD,400 BLOCK BALLARD,-122.383405,47.667473
2021-000178,SEED-000178,2021-07-02T09:38:00Z,,2021-07-02T14:38:00Z,SOCIETY,DRUG/NARCOTIC OFFENSES,DRUG POSSESSION,B,North,Q,Q1,BALLARD,200 BLOCK BALLARD,-122.383719,47.667466
2021-000179,SEED-000179,2021-07-22T15:14:00Z,,2021-07-22T17:14:00Z,PROPERTY,BURGLARY/BREAKING & ENTERING,BURGLARY,A,North,Q,Q1,BALLARD,100 BLOCK BALLARD,-122.383797,47.667460
2021-000180,SEED-000180,2021-10-08T13:54:00Z,,2021-10-08T22:54:00Z,PERSON,ASSAULT OFFENSES,ASSAULT,A,West,K,K1,DOWNTOWN COMMERCIAL,500 BLOCK DOWNTOWN COMMERCIAL,-122.331854,47.611308
2021-000181,SEED-000181,2021-10-21T17:01:00Z,,2021-10-22T03:01:00Z,SOCIETY,DRUG/NARCOTIC OFFENSES,DRUG POSSESSION,B,West,K,K1,DOWNTOWN COMMERCIAL,300 BLOCK DOWNTOWN COMMERCIAL,-122.331814,47.611145
2021-000182,SEED-000182,2021-10-09T22:48:00Z,,2021-10-10T03:48:00Z,PROPERTY,BURGLARY/BREAKING & ENTERING,BURGLARY,A,West,M,M3,PIONEER SQUARE,200 BLOCK PIONEER SQUARE,-122.332536,47.602518
2021-000183,SEED-000183,2021-10-22T12:04:00Z,,2021-10-22T15:04:00Z,PERSON,ASSAULT OFFENSES,ASSAULT,A,North,U,U1,UNIVERSITY DISTRICT,100 BLOCK UNIVERSITY DISTRICT,-122.311301,47.660867
2021-000184,SEED-000184,2021-10-07T12:26:00Z,,2021-10-07T20:26:00Z,PERSON,ASSAULT OFFENSES,ASSAULT,A,North,B,B2,FREMONT,300 BLOCK FREMONT,-122.350468,47.650427
2021-000185,SEED-000185,2021-10-20T02:56:00Z,,2021-10-20T03:56:00Z,PERSON,ASSAULT OFFENSES,ASSAULT,A,North,B,B2,FREMONT,100 BLOCK FREMONT,-122.349084,47.649760
2021-000186,SEED-000186,2021-10-03T08:28:00Z,,2021-10-03T19:28:00Z,SOCIETY,DRUG/NARCOTIC OFFENSES,DRUG POSSESSION,B,North,B,B2,FREMONT,400 BLOCK FREMONT,-122.349615,47.650726
2021-000187,SEED-000187,2021-10-25T16:07:00Z,,2021-10-25T22:07:00Z,PROPERTY,BURGLARY/BREAKING & ENTERING,BURGLARY,A,East,E,E2,CAPITOL HILL,500 BLOCK CAPITOL HILL,-122.321780,47.618748
2021-000188,SEED-000188,2021-10-17T21:19:00Z,,2021-10-17T22:19:00Z,PROPERTY,DESTRUCTION/DAMAGE/VANDALISM,VANDALISM,A,East,E,E2,CAPITOL HILL,100 BLOCK CAPITOL HILL,-122.319256,47.617994
2021-000189,SEED-000189,2021-10-10T06:49:00Z,,2021-10-10T09:49:00Z,PROPERTY,BURGLARY/BREAKING & ENTERING,BURGLARY,A,North,Q,Q1,BALLARD,100 BLOCK BALLARD,-122.384758,47.668951
2022-000190,SEED-000190,2022-01-24T13:11:00Z,,2022-01-24T16:11:00Z,PROPERTY,DESTRUCTION/DAMAGE/VANDALISM,VANDALISM,A,West,K,K1,DOWNTOWN COMMERCIAL,500 BLOCK DOWNTOWN COMMERCIAL,-122.332267,47.609169
2022-000191,SEED-000191,2022-01-26T11:04:00Z,,2022-01-26T18:04:00Z,SOCIETY,DRUG/NARCOTIC OFFENSES,DRUG POSSESSION,B,West,M,M3,PIONEER SQUARE,100 BLOCK PIONEER SQUARE,-122.333648,47.602302
2022-000192,SEED-000192,2022-01-03T10:36:00Z,,2022-01-03T17:36:00Z,PROPERTY,DESTRUCTION/DAMAGE/VANDALISM,VANDALISM,A,West,M,M3,PIONEER SQUARE,400 BLOCK PIONEER SQUARE,-122.331246,47.601264
2022-000193,SEED-000193,2022-01-04T12:01:00Z,,2022-01-04T18:01:00Z,PROPERTY,MOTOR VEHICLE THEFT,VEHICLE THEFT,A,West,M,M3,PIONEER SQUARE,400 BLOCK PIONEER SQUARE,-122.330389,47.599819
2022-000194,SEED-000194,2022-01-03T13:54:00Z,,2022-01-03T15:54:00Z,PROPERTY,MOTOR VEHICLE THEFT,VEHICLE THEFT,A,North,U,U1,UNIVERSITY DISTRICT,500 BLOCK UNIVERSITY DISTRICT,-122.312680,47.659076
2022-000195,SEED-000195,2022-01-13T09:47:00Z,,2022-01-13T15:47:00Z,PROPERTY,LARCENY-THEFT,THEFT,A,North,U,U1,UNIVERSITY DISTRICT,100 BLOCK UNIVERSITY DISTRICT,-122.311995,47.658998
2022-000196,SEED-000196,2022-01-21T03:33:00Z,,2022-01-21T12:33:00Z,PERSON,ASSAULT OFFENSES,ASSAULT,A,North,U,U1,UNIVERSITY DISTRICT,300 BLOCK UNIVERSITY DISTRICT,-122.312006,47.658898
2022-000197,SEED-000197,2022-01-27T04:15:00Z,,2022-01-27T06:15:00Z,SOCIETY,DRUG/NARCOTIC OFFENSES,DRUG POSSESSION,B,North,B,B2,FREMONT,500 BLOCK FREMONT,-122.351090,47.649727
2022-000198,SEED-000198,2022-01-25T20:04:00Z,,2022-01-25T23:04:00Z,PROPERTY,BURGLARY/BREAKING & ENTERING,BURGLARY,A,North,B,B2,FREMONT,400 BLOCK FREMONT,-122.349539,47.652625
2022-000199,SEED-000199,2022-01-25T18:28:00Z,,2022-01-26T05:28:00Z,PERSON,ASSAULT OFFENSES,ASSAULT,A,North,B,B2,FREMONT,500 BLOCK FREMONT,-122.349768,47.652527
2022-000200,SEED-000200,2022-01-11T04:28:00Z,,2022-01-11T06:28:00Z,SOCIETY,DRUG/NARCOTIC OFFENSES,DRUG POSSESSION,B,East,E,E2,CAPITOL HILL,300 BLOCK CAPITOL HILL,-122.320527,47.618888
2022-000201,SEED-000201,2022-01-02T11:32:00Z,,2022-01-02T13:32:00Z,PERSON,ASSAULT OFFENSES,ASSAULT,A,East,E,E2,CAPITOL HILL,100 BLOCK CAPITOL HILL,-122.321173,47.618317
2022-000202,SEED-000202,2022-01-03T20:55:00Z,,2022-01-03T22:55:00Z,PROPERTY,MOTOR VEHICLE THEFT,VEHICLE THEFT,A,North,Q,Q1,BALLARD,400 BLOCK BALLARD,-122.383975,47.668414
2022-000203,SEED-000203,2022-01-18T23:57:00Z,,2022-01-19T00:57:00Z,PERSON,ASSAULT OFFENSES,ASSAULT,A,North,Q,Q1,BALLARD,200 BLOCK BALLARD,-122.382885,47.667819
2022-000204,SEED-000204,2022-04-16T16:09:00Z,,2022-04-16T17:09:00Z,PERSON,ASSAULT OFFENSES,ASSAULT,A,West,K,K1,DOWNTOWN COMMERCIAL,300 BLOCK DOWNTOWN COMMERCIAL,-122.331881,47.609422
2022-000205,SEED-000205,2022-04-03T16:41:00Z,,2022-04-03T19:41:00Z,SOCIETY,DRUG/NARCOTIC OFFENSES,DRUG POSSESSION,B,West,K,K1,DOWNTOWN COMMERCIAL,400 BLOCK DOWNTOWN COMMERCIAL,-122.332253,47.607941
2022-000206,SEED-000206,2022-04-20T05:23:00Z,,2022-04-20T11:23:00Z,PERSON,ASSAULT OFFENSES,ASSAULT,A,West,M,M3,PIONEER SQUARE,300 BLOCK PIONEER SQUARE,-122.332405,47.602505
2022-000207,SEED-000207,2022-04-20T01:50:00Z,,2022-04-20T12:50:00Z,SOCIETY,DRUG/NARCOTIC OFFENSES,DRUG POSSESSION,B,West,M,M3,PIONEER SQUARE,100 BLOCK PIONEER SQUARE,-122.333563,47.601530
2022-000208,SEED-000208,2022-04-22T12:18:00Z,,2022-04-22T17:18:00Z,PERSON,ASSAULT OFFENSES,ASSAULT,A,West,M,M3,PIONEER SQUARE,500 BLOCK PIONEER SQUARE,-122.331436,47.601805
2022-000209,SEED-000209,2022-04-03T18:42:00Z,,2022-04-03T21:42:00Z,PROPERTY,MOTOR VEHICLE THEFT,VEHICLE THEFT,A,North,U,U1,UNIVERSITY DISTRICT,400 BLOCK UNIVERSITY DISTRICT,-122.313683,47.661500
2022-000210,SEED-000210,2022-04-23T02:19:00Z,,2022-04-23T11:19:00Z,PERSON,ASSAULT OFFENSES,ASSAULT,A,North,B,B2,FREMONT,200 BLOCK FREMONT,-122.348950,47.650556
2022-000211,SEED-000211,2022-04-27T23:43:00Z,,2022-04-28T08:43:00Z,SOCIETY,DRUG/NARCOTIC OFFENSES,DRUG POSSESSION,B,East,E,E2,CAPITOL HILL,500 BLOCK CAPITOL HILL,-122.320386,47.617536
2022-000212,SEED-000212,2022-04-01T11:19:00Z,,2022-04-01T14:19:00Z,PROPERTY,MOTOR VEHICLE THEFT,VEHICLE THEFT,A,East,E,E2,CAPITOL HILL,400 BLOCK CAPITOL HILL,-122.321570,47.620624
2022-000213,SEED-000213,2022-04-08T04:09:00Z,,2022-04-08T06:09:00Z,PROPERTY,BURGLARY/BREAKING & ENTERING,BURGLARY,A,East,E,E2,CAPITOL HILL,500 BLOCK CAPITOL HILL,-122.319963,47.618265
2022-000214,SEED-000214,2022-04-17T01:42:00Z,,2022-04-17T07:42:00Z,SOCIETY,DRUG/NARCOTIC OFFENSES,DRUG POSSESSION,B,North,Q,Q1,BALLARD,500 BLOCK BALLARD,-122.383575,47.669355
2022-000215,SEED-000215,2022-04-05T05:11:00Z,,2022-04-05T17:11:00Z,PROPERTY,DESTRUCTION/DAMAGE/VANDALISM,VANDALISM,A,North,Q,Q1,BALLARD,200 BLOCK BALLARD,-122.382887,47.668976
2022-000216,SEED-000216,2022-04-15T01:26:00Z,,2022-04-15T07:26:00Z,SOCIETY,DRUG/NARCOTIC OFFENSES,DRUG POSSESSION,B,North,Q,Q1,BALLARD,400 BLOCK BALLARD,-122.384945,47.668635
2022-000217,SEED-000217,2022-07-25T23:50:00Z,,2022-07-26T07:50:00Z,PROPERTY,MOTOR VEHICLE THEFT,VEHICLE THEFT,A,West,K,K1,DOWNTOWN COMMERCIAL,400 BLOCK DOWNTOWN COMMERCIAL,-122.333939,47.608642
2022-000218,SEED-000218,2022-07-12T21:36:00Z,,2022-07-13T05:36:00Z,PROPERTY,BURGLARY/BREAKING & ENTERING,BURGLARY,A,West,K,K1,DOWNTOWN COMMERCIAL,400 BLOCK DOWNTOWN COMMERCIAL,-122.333786,47.609462
2022-000219,SEED-000219,2022-07-17T13:10:00Z,,2022-07-17T17:10:00Z,PERSON,ASSAULT OFFENSES,ASSAULT,A,West,K,K1,DOWNTOWN COMMERCIAL,300 BLOCK DOWNTOWN COMMERCIAL,-122.334302,47.610685
2022-000220,SEED-000220,2022-07-16T11:35:00Z,,2022-07-16T13:35:00Z,SOCIETY,DRUG/NARCOTIC OFFENSES,DRUG POSSESSION,B,West,M,M3,PIONEER SQUARE,100 BLOCK PIONEER SQUARE,-122.331943,47.601761
2022-000221,SEED-000221,2022-07-25T05:17:00Z,,2022-07-25T13:17:00Z,PROPERTY,LARCENY-THEFT,THEFT,A,North,U,U1,UNIVERSITY DISTRICT,400 BLOCK UNIVERSITY DISTRICT,-122.314270,47.661459
2022-000222,SEED-000222,2022-07-08T14:56:00Z,,2022-07-08T20:56:00Z,PROPERTY,LARCENY-THEFT,THEFT,A,North,U,U1,UNIVERSITY DISTRICT,400 BLOCK UNIVERSITY DISTRICT,-122.313306,47.661550
2022-000223,SEED-000223,2022-07-08T12:05:00Z,,2022-07-08T18:05:00Z,PROPERTY,MOTOR VEHICLE THEFT,VEHICLE THEFT,A,North,B,B2,FREMONT,100 BLOCK FREMONT,-122.350653,47.650008
2022-000224,SEED-000224,2022-07-21T10:50:00Z,,2022-07-21T13:50:00Z,SOCIETY,DRUG/NARCOTIC OFFENSES,DRUG POSSESSION,B,North,B,B2,FREMONT,400 BLOCK FREMONT,-122.350767,47.649695
2022-000225,SEED-000225,2022-07-27T04:48:00Z,,2022-07-27T16:48:00Z,SOCIETY,DRUG/NARCOTIC OFFENSES,DRUG POSSESSION,B,North,B,B2,FREMONT,100 BLOCK FREMONT,-122.349585,47.650889
2022-000226,SEED-000226,2022-07-07T04:35:00Z,,2022-07-07T16:35:00Z,PROPERTY,MOTOR VEHICLE THEFT,VEHICLE THEFT,A,East,E,E2,CAPITOL HILL,300 BLOCK CAPITOL HILL,-122.321276,47.619392
2022-000227,SEED-000227,2022-07-04T01:15:00Z,,2022-07-04T08:15:00Z,PROPERTY,MOTOR VEHICLE THEFT,VEHICLE THEFT,A,North,Q,Q1,BALLARD,100 BLOCK BALLARD,-122.383558,47.668500
2022-000228,SEED-000228,2022-10-20T17:01:00Z,,2022-10-21T04:01:00Z,PROPERTY,DESTRUCTION/DAMAGE/VANDALISM,VANDALISM,A,West,K,K1,DOWNTOWN COMMERCIAL,200 BLOCK DOWNTOWN COMMERCIAL,-122.333929,47.609655
2022-000229,SEED-000229,2022-10-01T19:22:00Z,,2022-10-01T23:22:00Z,PROPERTY,DESTRUCTION/DAMAGE/VANDALISM,VANDALISM,A,West,M,M3,PIONEER SQUARE,100 BLOCK PIONEER SQUARE,-122.333126,47.601254
2022-000230,SEED-000230,2022-10-12T02:33:00Z,,2022-10-12T11:33:00Z,PERSON,ASSAULT OFFENSES,ASSAULT,A,West,M,M3,PIONEER SQUARE,500 BLOCK PIONEER SQUARE,-122.330242,47.601026
2022-000231,SEED-000231,2022-10-28T15:02:00Z,,2022-10-29T02:02:00Z,PROPERTY,DESTRUCTION/DAMAGE/VANDALISM,VANDALISM,A,North,U,U1,UNIVERSITY DISTRICT,100 BLOCK UNIVERSITY DISTRICT,-122.313456,47.659593
2022-000232,SEED-000232,2022-10-12T07:46:00Z,,2022-10-12T18:46:00Z,PROPERTY,LARCENY-THEFT,THEFT,A,North,B,B2,FREMONT,300 BLOCK FREMONT,-122.349023,47.651462
2022-000233,SEED-000233,2022-10-02T11:34:00Z,,2022-10-02T17:34:00Z,PROPERTY,BURGLARY/BREAKING & ENTERING,BURGLARY,A,North,B,B2,FREMONT,400 BLOCK FREMONT,-122.351170,47.652129
2022-000234,SEED-000234,2022-10-21T05:51:00Z,,2022-10-21T08:51:00Z,PROPERTY,DESTRUCTION/DAMAGE/VANDALISM,VANDALISM,A,East,E,E2,CAPITOL HILL,400 BLOCK CAPITOL HILL,-122.320006,47.617427
2022-000235,SEED-000235,2022-10-10T06:02:00Z,,2022-10-10T10:02:00Z,PROPERTY,LARCENY-THEFT,THEFT,A,East,E,E2,CAPITOL HILL,300 BLOCK CAPITOL HILL,-122.321664,47.620389
2022-000236,SEED-000236,2022-10-13T17:30:00Z,,2022-10-13T22:30:00Z,PERSON,ASSAULT OFFENSES,ASSAULT,A,East,E,E2,CAPITOL HILL,300 BLOCK CAPITOL HILL,-122.320471,47.617332
2022-000237,SEED-000237,2022-10-28T20:21:00Z,,2022-10-29T01:21:00Z,PROPERTY,LARCENY-THEFT,THEFT,A,North,Q,Q1,BALLARD,400 BLOCK BALLARD,-122.384475,47.666648
2022-000238,SEED-000238,2022-10-15T12:21:00Z,,2022-10-15T15:21:00Z,SOCIETY,DRUG/NARCOTIC OFFENSES,DRUG POSSESSION,B,North,Q,Q1,BALLARD,500 BLOCK BALLARD,-122.384009,47.667986
2023-000239,SEED-000239,2023-01-24T13:05:00Z,,2023-01-24T20:05:00Z,PROPERTY,LARCENY-THEFT,THEFT,A,West,K,K1,DOWNTOWN COMMERCIAL,500 BLOCK DOWNTOWN COMMERCIAL,-122.331840,47.609969
2023-000240,SEED-000240,2023-01-11T03:05:00Z,,2023-01-11T09:05:00Z,PROPERTY,MOTOR VEHICLE THEFT,VEHICLE THEFT,A,West,K,K1,DOWNTOWN COMMERCIAL,500 BLOCK DOWNTOWN COMMERCIAL,-122.333697,47.610179
2023-000241,SEED-000241,2023-01-06T22:28:00Z,,2023-01-07T04:28:00Z,PROPERTY,DESTRUCTION/DAMAGE/VANDALISM,VANDALISM,A,West,M,M3,PIONEER SQUARE,300 BLOCK PIONEER SQUARE,-122.331183,47.600810
2023-000242,SEED-000242,2023-01-14T08:40:00Z,,2023-01-14T09:40:00Z,PERSON,ASSAULT OFFENSES,ASSAULT,A,West,M,M3,PIONEER SQUARE,300 BLOCK PIONEER SQUARE,-122.331505,47.599470
2023-000243,SEED-000243,2023-01-26T23:43:00Z,,2023-01-27T02:43:00Z,PERSON,ASSAULT OFFENSES,ASSAULT,A,West,M,M3,PIONEER SQUARE,500 BLOCK PIONEER SQUARE,-122.333286,47.602630
2023-000244,SEED-000244,2023-01-02T04:04:00Z,,2023-01-02T08:04:00Z,PROPERTY,DESTRUCTION/DAMAGE/VANDALISM,VANDALISM,A,North,U,U1,UNIVERSITY DISTRICT,400 BLOCK UNIVERSITY DISTRICT,-122.313481,47.661003
2023-000245,SEED-000245,2023-01-02T19:09:00Z,,2023-01-03T06:09:00Z,PERSON,ASSAULT OFFENSES,ASSAULT,A,North,U,U1,UNIVERSITY DISTRICT,400 BLOCK UNIVERSITY DISTRICT,-122.313465,47.659820
2023-000246,SEED-000246,2023-01-19T04:33:00Z,,2023-01-19T10:33:00Z,PROPERTY,LARCENY-THEFT,THEFT,A,North,U,U1,UNIVERSITY DISTRICT,200 BLOCK UNIVERSITY DISTRICT,-122.312462,47.659633
2023-000247,SEED-000247,2023-01-24T05:31:00Z,,2023-01-24T14:31:00Z,PROPERTY,LARCENY-THEFT,THEFT,A,North,B,B2,FREMONT,300 BLOCK FREMONT,-122.349778,47.650593
2023-000248,SEED-000248,2023-01-15T06:39:00Z,,2023-01-15T11:39:00Z,SOCIETY,DRUG/NARCOTIC OFFENSES,DRUG POSSESSION,B,East,E,E2,CAPITOL HILL,200 BLOCK CAPITOL HILL,-122.319205,47.619698
2023-000249,SEED-000249,2023-01-05T02:28:00Z,,2023-01-05T05:28:00Z,PROPERTY,LARCENY-THEFT,THEFT,A,East,E,E2,CAPITOL HILL,100 BLOCK CAPITOL HILL,-122.321198,47.620435
2023-000250,SEED-000250,2023-01-22T11:45:00Z,,2023-01-22T13:45:00Z,PROPERTY,MOTOR VEHICLE THEFT,VEHICLE THEFT,A,North,Q,Q1,BALLARD,300 BLOCK BALLARD,-122.384755,47.668180
2023-000251,SEED-000251,2023-01-23T22:59:00Z,,2023-01-24T10:59:00Z,PROPERTY,BURGLARY/BREAKING & ENTERING,BURGLARY,A,North,Q,Q1,BALLARD,500 BLOCK BALLARD,-122.382943,47.668496
2023-000252,SEED-000252,2023-01-04T06:50:00Z,,2023-01-04T09:50:00Z,PROPERTY,BURGLARY/BREAKING & ENTERING,BURGLARY,A,North,Q,Q1,BALLARD,300 BLOCK BALLARD,-122.384022,47.667052
2023-000253,SEED-000253,2023-04-12T14:51:00Z,,2023-04-12T23:51:00Z,PERSON,ASSAULT OFFENSES,ASSAULT,A,West,K,K1,DOWNTOWN COMMERCIAL,100 BLOCK DOWNTOWN COMMERCIAL,-122.331617,47.608267
2023-000254,SEED-000254,2023-04-13T22:46:00Z,,2023-04-14T06:46:00Z,PROPERTY,MOTOR VEHICLE THEFT,VEHICLE THEFT,A,West,K,K1,DOWNTOWN COMMERCIAL,500 BLOCK DOWNTOWN COMMERCIAL,-122.332031,47.609693
2023-000255,SEED-000255,2023-04-05T10:41:00Z,,2023-04-05T12:41:00Z,PROPERTY,LARCENY-THEFT,THEFT,A,West,K,K1,DOWNTOWN COMMERCIAL,300 BLOCK DOWNTOWN COMMERCIAL,-122.332352,47.609420
2023-000256,SEED-000256,2023-04-21T18:11:00Z,,2023-04-21T21:11:00Z,PERSON,ASSAULT OFFENSES,ASSAULT,A,West,M,M3,PIONEER SQUARE,100 BLOCK PIONEER SQUARE,-122.330521,47.600757
2023-000257,SEED-000257,2023-04-05T09:10:00Z,,2023-04-05T12:10:00Z,PERSON,ASSAULT OFFENSES,ASSAULT,A,North,U,U1,UNIVERSITY DISTRICT,300 BLOCK UNIVERSITY DISTRICT,-122.312246,47.659362
2023-000258,SEED-000258,2023-04-28T02:16:00Z,,2023-04-28T06:16:00Z,PROPERTY,MOTOR VEHICLE THEFT,VEHICLE THEFT,A,North,B,B2,FREMONT,200 BLOCK FREMONT,-122.349817,47.651486
2023-000259,SEED-000259,2023-04-10T19:34:00Z,,2023-04-10T21:34:00Z,SOCIETY,DRUG/NARCOTIC OFFENSES,DRUG POSSESSION,B,North,B,B2,FREMONT,500 BLOCK FREMONT,-122.351193,47.651009
2023-000260,SEED-000260,2023-04-06T21:39:00Z,,2023-04-07T09:39:00Z,PROPERTY,BURGLARY/BREAKING & ENTERING,BURGLARY,A,North,B,B2,FREMONT,500 BLOCK FREMONT,-122.350585,47.652447
2023-000261,SEED-000261,2023-04-03T01:41:00Z,,2023-04-03T11:41:00Z,PROPERTY,LARCENY-THEFT,THEFT,A,East,E,E2,CAPITOL HILL,500 BLOCK CAPITOL HILL,-122.322041,47.618153
2023-000262,SEED-000262,2023-04-21T00:31:00Z,,2023-04-21T11:31:00Z,PERSON,ASSAULT OFFENSES,ASSAULT,A,North,Q,Q1,BALLARD,300 BLOCK BALLARD,-122.383489,47.668164
2023-000263,SEED-000263,2023-04-08T21:25:00Z,,2023-04-09T02:25:00Z,PROPERTY,DESTRUCTION/DAMAGE/VANDALISM,VANDALISM,A,North,Q,Q1,BALLARD,200 BLOCK BALLARD,-122.383321,47.667833
2023-000264,SEED-000264,2023-07-16T14:13:00Z,,2023-07-16T20:13:00Z,PROPERTY,DESTRUCTION/DAMAGE/VANDALISM,VANDALISM,A,West,K,K1,DOWNTOWN COMMERCIAL,300 BLOCK DOWNTOWN COMMERCIAL,-122.333675,47.609984
2023-000265,SEED-000265,2023-07-28T11:25:00Z,,2023-07-28T14:25:00Z,SOCIETY,DRUG/NARCOTIC OFFENSES,DRUG POSSESSION,B,West,K,K1,DOWNTOWN COMMERCIAL,100 BLOCK DOWNTOWN COMMERCIAL,-122.332946,47.610538
2023-000266,SEED-000266,2023-07-15T03:17:00Z,,2023-07-15T11:17:00Z,PROPERTY,BURGLARY/BREAKING & ENTERING,BURGLARY,A,West,M,M3,PIONEER SQUARE,300 BLOCK PIONEER SQUARE,-122.333451,47.600093
2023-000267,SEED-000267,2023-07-28T19:26:00Z,,2023-07-28T23:26:00Z,PROPERTY,DESTRUCTION/DAMAGE/VANDALISM,VANDALISM,A,West,M,M3,PIONEER SQUARE,300 BLOCK PIONEER SQUARE,-122.330552,47.602666
2023-000268,SEED-000268,2023-07-11T06:48:00Z,,2023-07-11T09:48:00Z,SOCIETY,DRUG/NARCOTIC OFFENSES,DRUG POSSESSION,B,North,U,U1,UNIVERSITY DISTRICT,400 BLOCK UNIVERSITY DISTRICT,-122.312947,47.659994
2023-000269,SEED-000269,2023-07-16T00:05:00Z,,2023-07-16T07:05:00Z,PROPERTY,MOTOR VEHICLE THEFT,VEHICLE THEFT,A,North,U,U1,UNIVERSITY DISTRICT,200 BLOCK UNIVERSITY DISTRICT,-122.311320,47.660020
2023-000270,SEED-000270,2023-07-12T01:03:00Z,,2023-07-12T06:03:00Z,PERSON,ASSAULT OFFENSES,ASSAULT,A,North,U,U1,UNIVERSITY DISTRICT,400 BLOCK UNIVERSITY DISTRICT,-122.311624,47.659982
2023-000271,SEED-000271,2023-07-01T03:27:00Z,,2023-07-01T06:27:00Z,PERSON,ASSAULT OFFENSES,ASSAULT,A,North,B,B2,FREMONT,400 BLOCK FREMONT,-122.349181,47.652377
2023-000272,SEED-000272,2023-07-02T12:03:00Z,,2023-07-02T22:03:00Z,PROPERTY,MOTOR VEHICLE THEFT,VEHICLE THEFT,A,North,B,B2,FREMONT,300 BLOCK FREMONT,-122.350495,47.651223
2023-000273,SEED-000273,2023-07-17T14:48:00Z,,2023-07-17T23:48:00Z,PROPERTY,DESTRUCTION/DAMAGE/VANDALISM,VANDALISM,A,East,E,E2,CAPITOL HILL,500 BLOCK CAPITOL HILL,-122.319239,47.618207
2023-000274,SEED-000274,2023-07-04T12:23:00Z,,2023-07-04T18:23:00Z,PROPERTY,BURGLARY/BREAKING & ENTERING,BURGLARY,A,North,Q,Q1,BALLARD,200 BLOCK BALLARD,-122.384484,47.668208
2023-000275,SEED-000275,2023-10-17T12:32:00Z,,2023-10-17T13:32:00Z,PERSON,ASSAULT OFFENSES,ASSAULT,A,West,K,K1,DOWNTOWN COMMERCIAL,300 BLOCK DOWNTOWN COMMERCIAL,-122.334307,47.607963
2023-000276,SEED-000276,2023-10-15T04:38:00Z,,2023-10-15T13:38:00Z,PERSON,ASSAULT OFFENSES,ASSAULT,A,West,M,M3,PIONEER SQUARE,300 BLOCK PIONEER SQUARE,-122.330447,47.599703
2023-000277,SEED-000277,2023-10-13T19:47:00Z,,2023-10-14T00:47:00Z,PROPERTY,BURGLARY/BREAKING & ENTERING,BURGLARY,A,West,M,M3,PIONEER SQUARE,500 BLOCK PIONEER SQUARE,-122.331974,47.601337
2023-000278,SEED-000278,2023-10-23T18:19:00Z,,2023-10-24T02:19:00Z,PROPERTY,DESTRUCTION/DAMAGE/VANDALISM,VANDALISM,A,North,U,U1,UNIVERSITY DISTRICT,100 BLOCK UNIVERSITY DISTRICT,-122.313474,47.661137
2023-000279,SEED-000279,2023-10-19T09:50:00Z,,2023-10-19T21:50:00Z,PROPERTY,DESTRUCTION/DAMAGE/VANDALISM,VANDALISM,A,North,U,U1,UNIVERSITY DISTRICT,500 BLOCK UNIVERSITY DISTRICT,-122.312535,47.661340
2023-000280,SEED-000280,2023-10-09T20:50:00Z,,2023-10-10T06:50:00Z,PROPERTY,DESTRUCTION/DAMAGE/VANDALISM,VANDALISM,A,North,U,U1,UNIVERSITY DISTRICT,500 BLOCK UNIVERSITY DISTRICT,-122.312203,47.660279
2023-000281,SEED-000281,2023-10-17T20:46:00Z,,2023-10-18T06:46:00Z,PROPERTY,BURGLARY/BREAKING & ENTERING,BURGLARY,A,North,B,B2,FREMONT,200 BLOCK FREMONT,-122.350431,47.651989
2023-000282,SEED-000282,2023-10-19T22:07:00Z,,2023-10-20T02:07:00Z,PROPERTY,LARCENY-THEFT,THEFT,A,North,B,B2,FREMONT,200 BLOCK FREMONT,-122.350671,47.649268
2023-000283,SEED-000283,2023-10-07T13:32:00Z,,2023-10-07T23:32:00Z,SOCIETY,DRUG/NARCOTIC OFFENSES,DRUG POSSESSION,B,East,E,E2,CAPITOL HILL,100 BLOCK CAPITOL HILL,-122.319658,47.620514
2023-000284,SEED-000284,2023-10-05T16:13:00Z,,2023-10-06T01:13:00Z,SOCIETY,DRUG/NARCOTIC OFFENSES,DRUG POSSESSION,B,East,E,E2,CAPITOL HILL,500 BLOCK CAPITOL HILL,-122.320416,47.618370
2023-000285,SEED-000285,2023-10-06T14:58:00Z,,2023-10-06T23:58:00Z,PROPERTY,MOTOR VEHICLE THEFT,VEHICLE THEFT,A,North,Q,Q1,BALLARD,300 BLOCK BALLARD,-122.384525,47.667432
2023-000286,SEED-000286,2023-10-16T06:15:00Z,,2023-10-16T11:15:00Z,PERSON,ASSAULT OFFENSES,ASSAULT,A,North,Q,Q1,BALLARD,300 BLOCK BALLARD,-122.384990,47.668209
2024-000287,SEED-000287,2024-01-07T22:45:00Z,,2024-01-08T06:45:00Z,SOCIETY,DRUG/NARCOTIC OFFENSES,DRUG POSSESSION,B,West,K,K1,DOWNTOWN COMMERCIAL,300 BLOCK DOWNTOWN COMMERCIAL,-122.333544,47.608941
2024-000288,SEED-000288,2024-01-04T18:43:00Z,,2024-01-05T03:43:00Z,PROPERTY,MOTOR VEHICLE THEFT,VEHICLE THEFT,A,West,K,K1,DOWNTOWN COMMERCIAL,300 BLOCK DOWNTOWN COMMERCIAL,-122.331271,47.609167
2024-000289,SEED-000289,2024-01-02T09:45:00Z,,2024-01-02T11:45:00Z,PROPERTY,MOTOR VEHICLE THEFT,VEHICLE THEFT,A,West,M,M3,PIONEER SQUARE,300 BLOCK PIONEER SQUARE,-122.332207,47.600447
2024-000290,SEED-000290,2024-01-07T06:52:00Z,,2024-01-07T15:52:00Z,PROPERTY,DESTRUCTION/DAMAGE/VANDALISM,VANDALISM,A,North,U,U1,UNIVERSITY DISTRICT,300 BLOCK UNIVERSITY DISTRICT,-122.312777,47.659176
2024-000291,SEED-000291,2024-01-04T19:47:00Z,,2024-01-05T05:47:00Z,PROPERTY,BURGLARY/BREAKING & ENTERING,BURGLARY,A,North,U,U1,UNIVERSITY DISTRICT,500 BLOCK UNIVERSITY DISTRICT,-122.314617,47.659061
2024-000292,SEED-000292,2024-01-21T07:03:00Z,,2024-01-21T09:03:00Z,PROPERTY,BURGLARY/BREAKING & ENTERING,BURGLARY,A,North,U,U1,UNIVERSITY DISTRICT,100 BLOCK UNIVERSITY DISTRICT,-122.312218,47.659688
2024-000293,SEED-000293,2024-01-01T17:59:00Z,,2024-01-01T20:59:00Z,PROPERTY,BURGLARY/BREAKING & ENTERING,BURGLARY,A,North,B,B2,FREMONT,400 BLOCK FREMONT,-122.348434,47.650665
2024-000294,SEED-000294,2024-01-21T06:48:00Z,,2024-01-21T11:48:00Z,PROPERTY,DESTRUCTION/DAMAGE/VANDALISM,VANDALISM,A,North,B,B2,FREMONT,100 BLOCK FREMONT,-122.349475,47.650356
2024-000295,SEED-000295,2024-01-19T07:34:00Z,,2024-01-19T19:34:00Z,SOCIETY,DRUG/NARCOTIC OFFENSES,DRUG POSSESSION,B,North,B,B2,FREMONT,200 BLOCK FREMONT,-122.348428,47.651803
2024-000296,SEED-000296,2024-01-02T12:50:00Z,,2024-01-02T20:50:00Z,PROPERTY,BURGLARY/BREAKING & ENTERING,BURGLARY,A,East,E,E2,CAPITOL HILL,300 BLOCK CAPITOL HILL,-122.320104,47.617871
2024-000297,SEED-000297,2024-01-01T09:36:00Z,,2024-01-01T19:36:00Z,PROPERTY,LARCENY-THEFT,THEFT,A,East,E,E2,CAPITOL HILL,300 BLOCK CAPITOL HILL,-122.319261,47.617586
2024-000298,SEED-000298,2024-01-18T16:31:00Z,,2024-01-18T19:31:00Z,SOCIETY,DRUG/NARCOTIC OFFENSES,DRUG POSSESSION,B,North,Q,Q1,BALLARD,200 BLOCK BALLARD,-122.384115,47.669264
2024-000299,SEED-000299,2024-01-11T05:46:00Z,,2024-01-11T13:46:00Z,PROPERTY,LARCENY-THEFT,THEFT,A,North,Q,Q1,BALLARD,100 BLOCK BALLARD,-122.383213,47.668534
2024-000300,SEED-000300,2024-04-26T09:36:00Z,,2024-04-26T20:36:00Z,PROPERTY,MOTOR VEHICLE THEFT,VEHICLE THEFT,A,West,K,K1,DOWNTOWN COMMERCIAL,400 BLOCK DOWNTOWN COMMERCIAL,-122.334168,47.610526
2024-000301,SEED-000301,2024-04-17T10:05:00Z,,2024-04-17T17:05:00Z,PROPERTY,DESTRUCTION/DAMAGE/VANDALISM,VANDALISM,A,West,K,K1,DOWNTOWN COMMERCIAL,200 BLOCK DOWNTOWN COMMERCIAL,-122.334135,47.610209
2024-000302,SEED-000302,2024-04-11T07:00:00Z,,2024-04-11T12:00:00Z,PROPERTY,DESTRUCTION/DAMAGE/VANDALISM,VANDALISM,A,West,K,K1,DOWNTOWN COMMERCIAL,300 BLOCK DOWNTOWN COMMERCIAL,-122.333192,47.609181
2024-000303,SEED-000303,2024-04-19T23:36:00Z,,2024-04-20T00:36:00Z,PROPERTY,MOTOR VEHICLE THEFT,VEHICLE THEFT,A,West,M,M3,PIONEER SQUARE,200 BLOCK PIONEER SQUARE,-122.332506,47.600142
2024-000304,SEED-000304,2024-04-22T03:29:00Z,,2024-04-22T08:29:00Z,PROPERTY,LARCENY-THEFT,THEFT,A,West,M,M3,PIONEER SQUARE,300 BLOCK PIONEER SQUARE,-122.331330,47.599775
2024-000305,SEED-000305,2024-04-21T09:23:00Z,,2024-04-21T19:23:00Z,PROPERTY,LARCENY-THEFT,THEFT,A,North,U,U1,UNIVERSITY DISTRICT,400 BLOCK UNIVERSITY DISTRICT,-122.311354,47.658995
2024-000306,SEED-000306,2024-04-15T23:38:00Z,,2024-04-16T05:38:00Z,PROPERTY,BURGLARY/BREAKING & ENTERING,BURGLARY,A,North,U,U1,UNIVERSITY DISTRICT,400 BLOCK UNIVERSITY DISTRICT,-122.312823,47.659697
2024-000307,SEED-000307,2024-04-26T21:52:00Z,,2024-04-27T01:52:00Z,PERSON,ASSAULT OFFENSES,ASSAULT,A,North,U,U1,UNIVERSITY DISTRICT,500 BLOCK UNIVERSITY DISTRICT,-122.312351,47.660943
2024-000308,SEED-000308,2024-04-15T16:45:00Z,,2024-04-15T22:45:00Z,PERSON,ASSAULT OFFENSES,ASSAULT,A,North,B,B2,FREMONT,100 BLOCK FREMONT,-122.349769,47.649481
2024-000309,SEED-000309,2024-04-07T18:34:00Z,,2024-04-07T21:34:00Z,PERSON,ASSAULT OFFENSES,ASSAULT,A,East,E,E2,CAPITOL HILL,400 BLOCK CAPITOL HILL,-122.319724,47.617792
2024-000310,SEED-000310,2024-04-22T06:45:00Z,,2024-04-22T16:45:00Z,PROPERTY,LARCENY-THEFT,THEFT,A,East,E,E2,CAPITOL HILL,400 BLOCK CAPITOL HILL,-122.319564,47.618960
2024-000311,SEED-000311,2024-04-15T04:32:00Z,,2024-04-15T11:32:00Z,PROPERTY,LARCENY-THEFT,THEFT,A,East,E,E2,CAPITOL HILL,400 BLOCK CAPITOL HILL,-122.322592,47.618844
2024-000312,SEED-000312,2024-04-24T00:25:00Z,,2024-04-24T05:25:00Z,PROPERTY,MOTOR VEHICLE THEFT,VEHICLE THEFT,A,North,Q,Q1,BALLARD,500 BLOCK BALLARD,-122.383115,47.669139
2024-000313,SEED-000313,2024-04-02T13:22:00Z,,2024-04-03T01:22:00Z,PROPERTY,LARCENY-THEFT,THEFT,A,North,Q,Q1,BALLARD,100 BLOCK BALLARD,-122.382221,47.666430
2024-000314,SEED-000314,2024-04-02T09:26:00Z,,2024-04-02T12:26:00Z,PROPERTY,DESTRUCTION/DAMAGE/VANDALISM,VANDALISM,A,North,Q,Q1,BALLARD,400 BLOCK BALLARD,-122.383043,47.668968
2024-000315,SEED-000315,2024-07-15T12:24:00Z,,2024-07-15T14:24:00Z,PROPERTY,DESTRUCTION/DAMAGE/VANDALISM,VANDALISM,A,West,K,K1,DOWNTOWN COMMERCIAL,500 BLOCK DOWNTOWN COMMERCIAL,-122.332418,47.610258
2024-000316,SEED-000316,2024-07-21T11:07:00Z,,2024-07-21T14:07:00Z,PROPERTY,BURGLARY/BREAKING & ENTERING,BURGLARY,A,West,K,K1,DOWNTOWN COMMERCIAL,200 BLOCK DOWNTOWN COMMERCIAL,-122.333385,47.611374
2024-000317,SEED-000317,2024-07-27T00:48:00Z,,2024-07-27T01:48:00Z,PROPERTY,BURGLARY/BREAKING & ENTERING,BURGLARY,A,West,M,M3,PIONEER SQUARE,500 BLOCK PIONEER SQUARE,-122.332133,47.602723
2024-000318,SEED-000318,2024-07-18T12:52:00Z,,2024-07-18T16:52:00Z,PROPERTY,DESTRUCTION/DAMAGE/VANDALISM,VANDALISM,A,West,M,M3,PIONEER SQUARE,300 BLOCK PIONEER SQUARE,-122.332554,47.600091
2024-000319,SEED-000319,2024-07-24T03:02:00Z,,2024-07-24T14:02:00Z,PROPERTY,BURGLARY/BREAKING & ENTERING,BURGLARY,A,West,M,M3,PIONEER SQUARE,100 BLOCK PIONEER SQUARE,-122.331042,47.600709
2024-000320,SEED-000320,2024-07-03T03:38:00Z,,2024-07-03T04:38:00Z,PROPERTY,BURGLARY/BREAKING & ENTERING,BURGLARY,A,North,U,U1,UNIVERSITY DISTRICT,100 BLOCK UNIVERSITY DISTRICT,-122.312381,47.659807
2024-000321,SEED-000321,2024-07-02T12:28:00Z,,2024-07-02T16:28:00Z,SOCIETY,DRUG/NARCOTIC OFFENSES,DRUG POSSESSION,B,North,B,B2,FREMONT,100 BLOCK FREMONT,-122.349084,47.651143
2024-000322,SEED-000322,2024-07-10T07:52:00Z,,2024-07-10T19:52:00Z,PERSON,ASSAULT OFFENSES,ASSAULT,A,East,E,E2,CAPITOL HILL,300 BLOCK CAPITOL HILL,-122.320721,47.619274
2024-000323,SEED-000323,2024-07-05T21:33:00Z,,2024-07-06T01:33:00Z,PROPERTY,MOTOR VEHICLE THEFT,VEHICLE THEFT,A,North,Q,Q1,BALLARD,500 BLOCK BALLARD,-122.384809,47.667689
2024-000324,SEED-000324,2024-10-06T20:43:00Z,,2024-10-07T03:43:00Z,SOCIETY,DRUG/NARCOTIC OFFENSES,DRUG POSSESSION,B,West,K,K1,DOWNTOWN COMMERCIAL,300 BLOCK DOWNTOWN COMMERCIAL,-122.334631,47.609801
2024-000325,SEED-000325,2024-10-22T12:50:00Z,,2024-10-22T21:50:00Z,SOCIETY,DRUG/NARCOTIC OFFENSES,DRUG POSSESSION,B,West,K,K1,DOWNTOWN COMMERCIAL,200 BLOCK DOWNTOWN COMMERCIAL,-122.333301,47.608947
2024-000326,SEED-000326,2024-10-13T05:48:00Z,,2024-10-13T14:48:00Z,PROPERTY,MOTOR VEHICLE THEFT,VEHICLE THEFT,A,West,K,K1,DOWNTOWN COMMERCIAL,300 BLOCK DOWNTOWN COMMERCIAL,-122.331742,47.609505
2024-000327,SEED-000327,2024-10-26T14:58:00Z,,2024-10-26T15:58:00Z,PROPERTY,BURGLARY/BREAKING & ENTERING,BURGLARY,A,West,M,M3,PIONEER SQUARE,500 BLOCK PIONEER SQUARE,-122.330316,47.601225
2024-000328,SEED-000328,2024-10-05T12:15:00Z,,2024-10-05T17:15:00Z,PERSON,ASSAULT OFFENSES,ASSAULT,A,West,M,M3,PIONEER SQUARE,400 BLOCK PIONEER SQUARE,-122.331472,47.599932
2024-000329,SEED-000329,2024-10-03T17:46:00Z,,2024-10-03T21:46:00Z,PROPERTY,MOTOR VEHICLE THEFT,VEHICLE THEFT,A,West,M,M3,PIONEER SQUARE,500 BLOCK PIONEER SQUARE,-122.332442,47.599386
2024-000330,SEED-000330,2024-10-28T02:12:00Z,,2024-10-28T12:12:00Z,PROPERTY,LARCENY-THEFT,THEFT,A,North,U,U1,UNIVERSITY DISTRICT,400 BLOCK UNIVERSITY DISTRICT,-122.312788,47.660807
2024-000331,SEED-000331,2024-10-28T10:19:00Z,,2024-10-28T11:19:00Z,PROPERTY,BURGLARY/BREAKING & ENTERING,BURGLARY,A,North,U,U1,UNIVERSITY DISTRICT,100 BLOCK UNIVERSITY DISTRICT,-122.314116,47.658963
2024-000332,SEED-000332,2024-10-25T15:58:00Z,,2024-10-25T19:58:00Z,SOCIETY,DRUG/NARCOTIC OFFENSES,DRUG POSSESSION,B,North,U,U1,UNIVERSITY DISTRICT,400 BLOCK UNIVERSITY DISTRICT,-122.312266,47.660704
2024-000333,SEED-000333,2024-10-11T09:24:00Z,,2024-10-11T17:24:00Z,PERSON,ASSAULT OFFENSES,ASSAULT,A,North,B,B2,FREMONT,300 BLOCK FREMONT,-122.350507,47.651121
2024-000334,SEED-000334,2024-10-16T14:06:00Z,,2024-10-17T02:06:00Z,PERSON,ASSAULT OFFENSES,ASSAULT,A,East,E,E2,CAPITOL HILL,200 BLOCK CAPITOL HILL,-122.319777,47.618890
2024-000335,SEED-000335,2024-10-11T13:02:00Z,,2024-10-11T23:02:00Z,PROPERTY,MOTOR VEHICLE THEFT,VEHICLE THEFT,A,East,E,E2,CAPITOL HILL,100 BLOCK CAPITOL HILL,-122.320131,47.620311
2024-000336,SEED-000336,2024-10-19T18:46:00Z,,2024-10-20T01:46:00Z,PERSON,ASSAULT OFFENSES,ASSAULT,A,North,Q,Q1,BALLARD,200 BLOCK BALLARD,-122.385094,47.667263
2024-000337,SEED-000337,2024-10-19T07:31:00Z,,2024-10-19T16:31:00Z,PROPERTY,DESTRUCTION/DAMAGE/VANDALISM,VANDALISM,A,North,Q,Q1,BALLARD,300 BLOCK BALLARD,-122.383335,47.668557
2025-000338,SEED-000338,2025-01-21T23:31:00Z,,2025-01-22T07:31:00Z,SOCIETY,DRUG/NARCOTIC OFFENSES,DRUG POSSESSION,B,West,K,K1,DOWNTOWN COMMERCIAL,200 BLOCK DOWNTOWN COMMERCIAL,-122.331938,47.608406
2025-000339,SEED-000339,2025-01-24T17:31:00Z,,2025-01-24T20:31:00Z,PROPERTY,BURGLARY/BREAKING & ENTERING,BURGLARY,A,West,K,K1,DOWNTOWN COMMERCIAL,100 BLOCK DOWNTOWN COMMERCIAL,-122.332848,47.611101
2025-000340,SEED-000340,2025-01-27T02:52:00Z,,2025-01-27T13:52:00Z,PROPERTY,LARCENY-THEFT,THEFT,A,West,M,M3,PIONEER SQUARE,200 BLOCK PIONEER SQUARE,-122.333777,47.599375
2025-000341,SEED-000341,2025-01-08T02:45:00Z,,2025-01-08T05:45:00Z,SOCIETY,DRUG/NARCOTIC OFFENSES,DRUG POSSESSION,B,West,M,M3,PIONEER SQUARE,300 BLOCK PIONEER SQUARE,-122.331979,47.599233
2025-000342,SEED-000342,2025-01-20T20:42:00Z,,2025-01-21T06:42:00Z,PROPERTY,LARCENY-THEFT,THEFT,A,West,M,M3,PIONEER SQUARE,100 BLOCK PIONEER SQUARE,-122.331427,47.602486
2025-000343,SEED-000343,2025-01-18T13:00:00Z,,2025-01-18T14:00:00Z,PERSON,ASSAULT OFFENSES,ASSAULT,A,North,U,U1,UNIVERSITY DISTRICT,300 BLOCK UNIVERSITY DISTRICT,-122.313811,47.660106
2025-000344,SEED-000344,2025-01-27T22:43:00Z,,2025-01-28T05:43:00Z,PERSON,ASSAULT OFFENSES,ASSAULT,A,North,B,B2,FREMONT,100 BLOCK FREMONT,-122.348525,47.652102
2025-000345,SEED-000345,2025-01-05T07:12:00Z,,2025-01-05T17:12:00Z,PERSON,ASSAULT OFFENSES,ASSAULT,A,East,E,E2,CAPITOL HILL,300 BLOCK CAPITOL HILL,-122.319865,47.619095
2025-000346,SEED-000346,2025-01-12T12:29:00Z,,2025-01-12T22:29:00Z,PROPERTY,LARCENY-THEFT,THEFT,A,North,Q,Q1,BALLARD,300 BLOCK BALLARD,-122.383290,47.667076
2025-000347,SEED-000347,2025-01-27T02:41:00Z,,2025-01-27T13:41:00Z,SOCIETY,DRUG/NARCOTIC OFFENSES,DRUG POSSESSION,B,North,Q,Q1,BALLARD,400 BLOCK BALLARD,-122.385463,47.668935
2025-000348,SEED-000348,2025-04-16T01:40:00Z,,2025-04-16T02:40:00Z,PERSON,ASSAULT OFFENSES,ASSAULT,A,West,K,K1,DOWNTOWN COMMERCIAL,400 BLOCK DOWNTOWN COMMERCIAL,-122.334502,47.610330
2025-000349,SEED-000349,2025-04-26T10:36:00Z,,2025-04-26T12:36:00Z,SOCIETY,DRUG/NARCOTIC OFFENSES,DRUG POSSESSION,B,West,K,K1,DOWNTOWN COMMERCIAL,200 BLOCK DOWNTOWN COMMERCIAL,-122.331491,47.611021
2025-000350,SEED-000350,2025-04-19T15:17:00Z,,2025-04-19T16:17:00Z,SOCIETY,DRUG/NARCOTIC OFFENSES,DRUG POSSESSION,B,West,M,M3,PIONEER SQUARE,300 BLOCK PIONEER SQUARE,-122.331336,47.602527
2025-000351,SEED-000351,2025-04-22T01:11:00Z,,2025-04-22T07:11:00Z,PERSON,ASSAULT OFFENSES,ASSAULT,A,North,U,U1,UNIVERSITY DISTRICT,200 BLOCK UNIVERSITY DISTRICT,-122.314054,47.658256
2025-000352,SEED-000352,2025-04-27T12:59:00Z,,2025-04-27T14:59:00Z,SOCIETY,DRUG/NARCOTIC OFFENSES,DRUG POSSESSION,B,North,U,U1,UNIVERSITY DISTRICT,500 BLOCK UNIVERSITY DISTRICT,-122.312770,47.659277
2025-000353,SEED-000353,2025-04-22T17:21:00Z,,2025-04-23T00:21:00Z,PROPERTY,DESTRUCTION/DAMAGE/VANDALISM,VANDALISM,A,North,U,U1,UNIVERSITY DISTRICT,100 BLOCK UNIVERSITY DISTRICT,-122.314296,47.660920
2025-000354,SEED-000354,2025-04-12T01:06:00Z,,2025-04-12T08:06:00Z,SOCIETY,DRUG/NARCOTIC OFFENSES,DRUG POSSESSION,B,North,B,B2,FREMONT,500 BLOCK FREMONT,-122.351526,47.650036
2025-000355,SEED-000355,2025-04-20T12:49:00Z,,2025-04-20T18:49:00Z,PERSON,ASSAULT OFFENSES,ASSAULT,A,North,B,B2,FREMONT,400 BLOCK FREMONT,-122.350816,47.649307
2025-000356,SEED-000356,2025-04-08T11:35:00Z,,2025-04-08T18:35:00Z,PROPERTY,DESTRUCTION/DAMAGE/VANDALISM,VANDALISM,A,North,B,B2,FREMONT,400 BLOCK FREMONT,-122.349353,47.650755
2025-000357,SEED-000357,2025-04-10T07:45:00Z,,2025-04-10T09:45:00Z,PERSON,ASSAULT OFFENSES,ASSAULT,A,East,E,E2,CAPITOL HILL,200 BLOCK CAPITOL HILL,-122.322245,47.617495
2025-000358,SEED-000358,2025-04-11T11:06:00Z,,2025-04-11T13:06:00Z,PROPERTY,DESTRUCTION/DAMAGE/VANDALISM,VANDALISM,A,North,Q,Q1,BALLARD,300 BLOCK BALLARD,-122.384690,47.666219
2025-000359,SEED-000359,2025-04-04T04:05:00Z,,2025-04-04T07:05:00Z,PROPERTY,MOTOR VEHICLE THEFT,VEHICLE THEFT,A,North,Q,Q1,BALLARD,500 BLOCK BALLARD,-122.383795,47.667752
2025-000360,SEED-000360,2025-04-04T00:05:00Z,,2025-04-04T06:05:00Z,PROPERTY,DESTRUCTION/DAMAGE/VANDALISM,VANDALISM,A,North,Q,Q1,BALLARD,300 BLOCK BALLARD,-122.383651,47.668195
2025-000361,SEED-000361,2025-07-10T13:24:00Z,,2025-07-10T15:24:00Z,PROPERTY,LARCENY-THEFT,THEFT,A,West,K,K1,DOWNTOWN COMMERCIAL,200 BLOCK DOWNTOWN COMMERCIAL,-122.332786,47.610409
2025-000362,SEED-000362,2025-07-17T05:43:00Z,,2025-07-17T12:43:00Z,PERSON,ASSAULT OFFENSES,ASSAULT,A,West,K,K1,DOWNTOWN COMMERCIAL,300 BLOCK DOWNTOWN COMMERCIAL,-122.333832,47.608410
2025-000363,SEED-000363,2025-07-03T05:27:00Z,,2025-07-03T10:27:00Z,PROPERTY,BURGLARY/BREAKING & ENTERING,BURGLARY,A,West,M,M3,PIONEER SQUARE,100 BLOCK PIONEER SQUARE,-122.332057,47.600716
2025-000364,SEED-000364,2025-07-09T07:46:00Z,,2025-07-09T18:46:00Z,PROPERTY,MOTOR VEHICLE THEFT,VEHICLE THEFT,A,West,M,M3,PIONEER SQUARE,400 BLOCK PIONEER SQUARE,-122.331580,47.600985
2025-000365,SEED-000365,2025-07-10T00:25:00Z,,2025-07-10T06:25:00Z,PROPERTY,BURGLARY/BREAKING & ENTERING,BURGLARY,A,North,U,U1,UNIVERSITY DISTRICT,300 BLOCK UNIVERSITY DISTRICT,-122.313432,47.661230
2025-000366,SEED-000366,2025-07-14T20:38:00Z,,2025-07-14T23:38:00Z,PROPERTY,MOTOR VEHICLE THEFT,VEHICLE THEFT,A,North,B,B2,FREMONT,200 BLOCK FREMONT,-122.349628,47.650282
2025-000367,SEED-000367,2025-07-11T05:25:00Z,,2025-07-11T11:25:00Z,PROPERTY,DESTRUCTION/DAMAGE/VANDALISM,VANDALISM,A,North,B,B2,FREMONT,400 BLOCK FREMONT,-122.349298,47.650249
2025-000368,SEED-000368,2025-07-11T12:17:00Z,,2025-07-11T19:17:00Z,PROPERTY,BURGLARY/BREAKING & ENTERING,BURGLARY,A,East,E,E2,CAPITOL HILL,200 BLOCK CAPITOL HILL,-122.319445,47.618514
2025-000369,SEED-000369,2025-07-18T05:43:00Z,,2025-07-18T14:43:00Z,PERSON,ASSAULT OFFENSES,ASSAULT,A,East,E,E2,CAPITOL HILL,200 BLOCK CAPITOL HILL,-122.320182,47.617297
2025-000370,SEED-000370,2025-07-26T09:53:00Z,,2025-07-26T21:53:00Z,PROPERTY,DESTRUCTION/DAMAGE/VANDALISM,VANDALISM,A,East,E,E2,CAPITOL HILL,400 BLOCK CAPITOL HILL,-122.319748,47.617449
2025-000371,SEED-000371,2025-07-05T20:19:00Z,,2025-07-06T00:19:00Z,PROPERTY,DESTRUCTION/DAMAGE/VANDALISM,VANDALISM,A,North,Q,Q1,BALLARD,400 BLOCK BALLARD,-122.385245,47.667110
2025-000372,SEED-000372,2025-07-03T14:38:00Z,,2025-07-03T22:38:00Z,PROPERTY,DESTRUCTION/DAMAGE/VANDALISM,VANDALISM,A,North,Q,Q1,BALLARD,400 BLOCK BALLARD,-122.383876,47.668296
2025-000373,SEED-000373,2025-07-02T11:44:00Z,,2025-07-02T20:44:00Z,PERSON,ASSAULT OFFENSES,ASSAULT,A,North,Q,Q1,BALLARD,100 BLOCK BALLARD,-122.382508,47.668338
2025-000374,SEED-000374,2025-10-22T11:10:00Z,,2025-10-22T22:10:00Z,SOCIETY,DRUG/NARCOTIC OFFENSES,DRUG POSSESSION,B,West,K,K1,DOWNTOWN COMMERCIAL,400 BLOCK DOWNTOWN COMMERCIAL,-122.332772,47.610006
2025-000375,SEED-000375,2025-10-04T00:06:00Z,,2025-10-04T05:06:00Z,PROPERTY,DESTRUCTION/DAMAGE/VANDALISM,VANDALISM,A,West,M,M3,PIONEER SQUARE,500 BLOCK PIONEER SQUARE,-122.331111,47.599999
2025-000376,SEED-000376,2025-10-23T18:14:00Z,,2025-10-24T02:14:00Z,PERSON,ASSAULT OFFENSES,ASSAULT,A,West,M,M3,PIONEER SQUARE,500 BLOCK PIONEER SQUARE,-122.332133,47.600547
2025-000377,SEED-000377,2025-10-05T11:01:00Z,,2025-10-05T19:01:00Z,PERSON,ASSAULT OFFENSES,ASSAULT,A,North,U,U1,UNIVERSITY DISTRICT,100 BLOCK UNIVERSITY DISTRICT,-122.313302,47.658576
2025-000378,SEED-000378,2025-10-27T23:09:00Z,,2025-10-28T05:09:00Z,PROPERTY,LARCENY-THEFT,THEFT,A,North,U,U1,UNIVERSITY DISTRICT,200 BLOCK UNIVERSITY DISTRICT,-122.313161,47.659323
2025-000379,SEED-000379,2025-10-16T11:30:00Z,,2025-10-16T13:30:00Z,PERSON,ASSAULT OFFENSES,ASSAULT,A,North,U,U1,UNIVERSITY DISTRICT,300 BLOCK UNIVERSITY DISTRICT,-122.312292,47.659777
2025-000380,SEED-000380,2025-10-02T22:07:00Z,,2025-10-02T23:07:00Z,PROPERTY,MOTOR VEHICLE THEFT,VEHICLE THEFT,A,North,B,B2,FREMONT,200 BLOCK FREMONT,-122.349467,47.652257
2025-000381,SEED-000381,2025-10-17T05:35:00Z,,2025-10-17T08:35:00Z,PROPERTY,BURGLARY/BREAKING & ENTERING,BURGLARY,A,East,E,E2,CAPITOL HILL,400 BLOCK CAPITOL HILL,-122.321265,47.618392
2025-000382,SEED-000382,2025-10-26T12:40:00Z,,2025-10-26T15:40:00Z,PROPERTY,BURGLARY/BREAKING & ENTERING,BURGLARY,A,East,E,E2,CAPITOL HILL,400 BLOCK CAPITOL HILL,-122.320434,47.617871
2025-000383,SEED-000383,2025-10-24T19:56:00Z,,2025-10-24T23:56:00Z,PROPERTY,LARCENY-THEFT,THEFT,A,East,E,E2,CAPITOL HILL,100 BLOCK CAPITOL HILL,-122.321254,47.618818
2025-000384,SEED-000384,2025-10-07T08:48:00Z,,2025-10-07T20:48:00Z,PROPERTY,BURGLARY/BREAKING & ENTERING,BURGLARY,A,North,Q,Q1,BALLARD,100 BLOCK BALLARD,-122.385575,47.669111
2025-000385,SEED-000385,2025-10-06T11:20:00Z,,2025-10-06T15:20:00Z,PERSON,ASSAULT OFFENSES,ASSAULT,A,North,Q,Q1,BALLARD,400 BLOCK BALLARD,-122.384856,47.667847
2025-000386,SEED-000386,2025-10-21T10:38:00Z,,2025-10-21T17:38:00Z,PERSON,ASSAULT OFFENSES,ASSAULT,A,North,Q,Q1,BALLARD,300 BLOCK BALLARD,-122.383687,47.668401
